区分,曲名,アーティスト,年,根拠,曲ページ,紹介文
A 秋そのもの,楓,スピッツ,,秋,https://joy-relief-station.lovable.app/cover-guide?artist=spitz&song=kaede,秋のさみしさにそっと。
A 秋そのもの,September,竹内まりや,,September,https://joy-relief-station.lovable.app/cover-guide?artist=mariya&song=september,
A 秋そのもの,金木犀,Ado,2020,秋,https://joy-relief-station.lovable.app/cover-guide?artist=ado&song=osmanthus,咆哮するAdoの、もうひとつの顔。秋の夕方の匂いがする、静かな名曲。
A 秋そのもの,『What is LOVE？』'25 コンサートツアー秋 ～Movin' Forward with Hope～ 羽賀朱音･横山玲奈 卒業スペシャル,モーニング娘。,,秋,https://joy-relief-station.lovable.app/cover-guide?artist=morning-musume&song=what-is-love-25-コンサートツアー秋-movin-forward-with-hop,
A 秋そのもの,秋桜,山口百恵,1977,秋,https://joy-relief-station.lovable.app/cover-guide?artist=momoe&song=cosmos,母への手紙。
A 秋そのもの,秋櫻(야마구치 모모에 코스모스),山口百恵,,秋,https://joy-relief-station.lovable.app/cover-guide?artist=momoe&song=秋櫻,
A 秋そのもの,春夏秋冬 泉谷しげる・小田和正・桑田佳祐・忌野清志郎,忌野清志郎 / RCサクセション / ザ・タイマーズ,,秋,https://joy-relief-station.lovable.app/cover-guide?artist=rc-succession&song=春夏秋冬-泉谷しけ-る-小田和正-桑田佳祐-忌野清志郎,
A 秋そのもの,November Rain,Guns N' Roses,1991,November,https://joy-relief-station.lovable.app/cover-guide?artist=guns&song=november-rain,長い夜のバラード。
A 秋そのもの,September,"Earth, Wind & Fire",1978,September,https://joy-relief-station.lovable.app/cover-guide?artist=earth-wind-fire&song=september,作詞のアリー・ウィリスとモーリス・ホワイトが、1曲に丸々1ヶ月かけて言葉を練り上げた曲。ボーカルのフィリップ・ベイリーは、自分たちの最高傑作の一つに数えている。
A 秋そのもの,"""It Might As Well Rain Until September""",Carole King,,September,https://joy-relief-station.lovable.app/cover-guide?artist=carole-king&song=it-might-as-well-rain-until-september,
A 秋そのもの,Autumn Leaves - Remastered 1987,Nat King Cole,,Autumn,https://joy-relief-station.lovable.app/cover-guide?artist=nat-king-cole&song=autumn-leaves-remastered-1987,
A 秋そのもの,ROLLY @ duo MUSIC EXCHANGE【秋の味覚といえば？】,ROLLY（ローリー寺西）,,秋,https://joy-relief-station.lovable.app/cover-guide?artist=rolly&song=rolly-duo-music-exchange-秋の味覚といえは,
A 秋そのもの,・岡千秋 / 浪花恋しぐれ [ライブ映像],都はるみ,,秋,https://joy-relief-station.lovable.app/cover-guide?artist=miyakoharumi&song=岡千秋-浪花恋しく-れ-ライフ-映像,
A 秋そのもの,浪花恋しぐれ - (Harumi Miyako) × 岡千秋(Chiaki Oka)【1983年】 #浪花恋しぐれ # #岡千秋 #nodownload,都はるみ,,秋,https://joy-relief-station.lovable.app/cover-guide?artist=miyakoharumi&song=浪花恋しく-れ-harumi-miyako-岡千秋-chiaki-oka-1983年-浪花恋しく,
A 秋そのもの,風をあつめて,はっぴいえんど,,秋,https://joy-relief-station.lovable.app/cover-guide?artist=happiiendo&song=風をあつめて,秋の街を、少しだけ宙に浮いて歩く。
A 秋そのもの,秋桜,May J.,,秋,https://joy-relief-station.lovable.app/cover-guide?artist=may-j&song=秋桜,母を思う秋の歌が、今の声で咲き直す。
A 秋そのもの,赤黄色の金木犀,フジファブリック,,金木犀,https://joy-relief-station.lovable.app/cover-guide?artist=fujifabric&song=赤黄色の金木犀,金木犀の匂いだけで、昔の夕方に戻される。
A 秋そのもの,"""California Dreamin'"" (September 24, 1967) On The Ed Sullivan Show",The Mamas & The Papas,,September,https://joy-relief-station.lovable.app/cover-guide?artist=the-mamas-and-the-papas&song=california-dreamin-september-24-1967-on-the-ed-s,
A 秋そのもの,November Rain,Guns N’ Roses,1992,秋,https://joy-relief-station.lovable.app/cover-guide?artist=guns-n-roses&song=november-rain,秋の終わりを、ロックが映画みたいに降らせる。
A 秋そのもの,Wake Me Up When September Ends,Green Day,,September,https://joy-relief-station.lovable.app/cover-guide?artist=green-day&song=wake-me-up-when-september-ends,9月の終わりに、まだ癒えていないものが静かに顔を出す。
A 秋そのもの,"Live at Union Square, November 1986",DJ Jazzy Jeff & The Fresh Prince,,November,https://joy-relief-station.lovable.app/cover-guide?artist=dj-jazzy-jeff-and-the-fresh-prince&song=live-at-union-square-november-1986,
A 秋そのもの,Leaves,Ben&Ben,2017,Leaves,https://joy-relief-station.lovable.app/cover-guide?artist=ben-and-ben&song=leaves,「すべては癒えていく」と歌う。現代人の疲れを解き放つ極上の癒やし。 
A 秋そのもの,Autumn | Official Lyric Video,Ben&Ben,,Autumn,https://joy-relief-station.lovable.app/cover-guide?artist=ben-and-ben&song=autumn-official-lyric-video,
A 秋そのもの,"Yerin Baek ""November song"" Live Video",Baek Yerin,,November,https://joy-relief-station.lovable.app/cover-guide?artist=baek-yerin&song=yerin-baek-november-song-live-video,
A 秋そのもの,木枯らしに抱かれて・・・【Come On ALFEE!! Acoustic Special Disc】,THE ALFEE,,木枯らし,https://joy-relief-station.lovable.app/cover-guide?artist=the-alfee&song=木枯らしに抱かれて-come-on-alfee-acoustic-special-disc,
A 秋そのもの,"Stel | Live | Elsewhere Brooklyn NYC | September 17, 2025",SOPHIA,,September,https://joy-relief-station.lovable.app/cover-guide?artist=sophia&song=stel-live-elsewhere-brooklyn-nyc-september-17-20,
A 秋そのもの,そうだ 京都、行こう。1993年 盛秋「清水寺」篇,JR東海,,秋,https://joy-relief-station.lovable.app/cover-guide?artist=jr-tokai&song=souda-kyoto-1993-kiyomizudera,1993年に始まった「そうだ 京都、行こう。」キャンペーンの初期CM。イメージ曲としてジャズスタンダード「My Favorite Things」の器楽アレンジ（編曲：大森俊之）が長年使われ、この曲でないと成立しないと言われるほど定着した組み
A 秋そのもの,春夏秋冬 A Balloon's Journey,張國榮 (レスリー・チャン),,秋,https://joy-relief-station.lovable.app/cover-guide?artist=leslie-cheung&song=春夏秋冬-a-balloon-s-journey,
A 秋そのもの,張國榮 Leslie Cheung -《春夏秋冬 A Balloon’s Journey》MV,張國榮 (レスリー・チャン),,秋,https://joy-relief-station.lovable.app/cover-guide?artist=leslie-cheung&song=張國榮-leslie-cheung-春夏秋冬-a-balloon-s-journey-mv,
A 秋そのもの,春夏秋冬 / Hilcrhyme × LITTLE（）× Mummy-D（RHYMESTER） 【空へ蹴り出すラップセレクション⑤/5】,KICK THE CAN CREW,,秋,https://joy-relief-station.lovable.app/cover-guide?artist=kick-the-can-crew&song=春夏秋冬-hilcrhyme-little-mummy-d-rhymester-空へ蹴り出すラッ,
A 秋そのもの,Autumn Leaves,Bill Evans,1960,枯葉,https://joy-relief-station.lovable.app/cover-guide?artist=bill-evans&song=portrait-in-jazz-autumn-leaves,ベースのラファロとの濃密な対話。ジャズ・トリオの概念を変えた革新的な枯葉。
A 秋そのもの,Autumn Leaves,Miles Davis,,Autumn,https://joy-relief-station.lovable.app/cover-guide?artist=miles-davis&song=autumn-leaves,
A 秋そのもの,春夏秋冬・夢祭り,五木ひろし,,秋,https://joy-relief-station.lovable.app/cover-guide?artist=hiroshi-itsuki-90s&song=春夏秋冬-夢祭り,
A 秋そのもの,秋桜,さだまさし,1977,秋,https://joy-relief-station.lovable.app/cover-guide?artist=kaguyahime-minami&song=cosmos,山口百恵への提供曲のセルフカバー。嫁ぐ娘と母の切ない情景描写が秀逸。
A 秋そのもの,秋の気配,小田和正,,秋,https://joy-relief-station.lovable.app/cover-guide?artist=kazumasa-oda&song=秋の気配,
A 秋そのもの,The Great Pumpkin Waltz,Vince Guaraldi,1968,秋,https://joy-relief-station.lovable.app/cover-guide?artist=vince-guaraldi&song=great-pumpkin-waltz,愁いを帯びたピアノとアコースティックな響きが、秋の夕暮れや郷愁を誘う一曲。
A 秋そのもの,Autumn Leaves,Vince Guaraldi,,Autumn,https://joy-relief-station.lovable.app/cover-guide?artist=vince-guaraldi&song=autumn-leaves,
A 秋そのもの,September,竹内まりや (Variety),1979,September,https://joy-relief-station.lovable.app/cover-guide?artist=marina-takeuchi-live&song=september,切ないメロディと洗練されたコーラスが重なる初期のシティポップ傑作。
A 秋そのもの,"November 14th LLPW-X Pro Wrestling Dedication Picture Scroll Main Event ""Kandori Shino...",神取忍,,November,https://joy-relief-station.lovable.app/cover-guide?artist=kandori-shinobu&song=november-14th-llpw-x-pro-wrestling-dedication-pi,
A 秋そのもの,春夏秋冬,SION,1988,秋,https://joy-relief-station.lovable.app/cover-guide?artist=sion&song=shun-ka-shu-to,嗄れ声で歌い継がれてきた人生賛歌。泉谷しげる版とはまた別の凄み。
A 秋そのもの,小木が奥日光の紅葉を絶賛！カナダの景色！？,おぎやはぎ,,紅葉,https://joy-relief-station.lovable.app/cover-guide?artist=ogiyahagi&song=小木か-奥日光の紅葉を絶賛-カナタ-の景色,
A 秋そのもの,捕まえた！,ハナコ,2018,秋,https://joy-relief-station.lovable.app/cover-guide?artist=hanako&song=tsukamaeta,追いかけっこの最中に「捕まえた」という一言から始まる、秋山の困惑と菊田の虚無感が絶妙。
A 秋そのもの,友人代表スピーチ,ハナコ,2019,秋,https://joy-relief-station.lovable.app/cover-guide?artist=hanako&song=wedding-speech,結婚式での感動的なスピーチを邪魔する岡部の奇行と、秋山の鋭すぎるツッコミが癖になる。
A 秋そのもの,お見合いセンター,ハナコ,2020,秋,https://joy-relief-station.lovable.app/cover-guide?artist=hanako&song=dating-agency,理想の条件を出す秋山に対し、独特すぎる候補者を提示し続ける岡部のキャラが強烈。
A 秋そのもの,怒鳴り合い,ハナコ,2022,秋,https://joy-relief-station.lovable.app/cover-guide?artist=hanako&song=shouting-match,全力で怒鳴り合う岡部と秋山の迫力に対し、全く温度差の違う菊田の存在感が際立つ名作。
A 秋そのもの,秋の気配,オフコース,1977,秋,https://joy-relief-station.lovable.app/cover-guide?artist=off-course&song=akifuchi,横浜の港を舞台に、移ろいゆく季節と恋の終わりを淡々と綴った初期の傑作。
A 秋そのもの,金木犀,鈴木真海子,2017,金木犀,https://joy-relief-station.lovable.app/cover-guide?artist=mariya-suzuki&song=kimochii,TOSHIKI HAYASHI(%C)の哀愁漂うビートと甘い歌声が混ざり合う
A 秋そのもの,あれはたしかSEPTEMBER / (Think that was September / JUNK FUJIYAMA),ジャンク フジヤマ,,September,https://joy-relief-station.lovable.app/cover-guide?artist=nanako-sato-dummy&song=あれはたしかseptember-think-that-was-september-junk-fu,
A 秋そのもの,夏と秋のGood-Luck,菊池桃子 (ラ・ムー),,秋,https://joy-relief-station.lovable.app/cover-guide?artist=ra-mu&song=夏と秋のgood-luck,
A 秋そのもの,ドラマティック・レイン,Junichi Inagaki,1982,秋,https://joy-relief-station.lovable.app/cover-guide?artist=juni-ichi-inagaki&song=dramatic-rain,秋元康×筒美京平。アダルトで少し危険な香り漂うヒット曲。
A 秋そのもの,すみれ September Love,SHAZNA,1997,September,https://joy-relief-station.lovable.app/cover-guide?artist=shazna&song=sumire-september-love,一風堂の名曲を耽美にカバー。IZAMのキャラが際立つ一作。
A 秋そのもの,ドラマティック・レイン,稲垣潤一,1982,秋,https://joy-relief-station.lovable.app/cover-guide?artist=toshitaro&song=dramatic-rain,秋元康作詞、筒美京平作曲。濡れた都会を想起させる乾いた歌声。
A 秋そのもの,"書きかけの手紙（Live at Bunkamura Orchard Hall on November 17, 2020）",鬼束ちひろ,,November,https://joy-relief-station.lovable.app/cover-guide?artist=onitsuka-chihiro&song=書きかけの手紙-live-at-bunkamura-orchard-hall-on-novemb,
A 秋そのもの,Mezzoforte - Early Autumn,メゾフォルテ,,Autumn,https://joy-relief-station.lovable.app/cover-guide?artist=mezzoforte&song=mezzoforte-early-autumn,
A 秋そのもの,September in the Rain,ダイナ・ワシントン,1961,September,https://joy-relief-station.lovable.app/cover-guide?artist=dinah-washington&song=september-in-the-rain,クインシー・ジョーンズ編。洗練された都会的なブラスと艶やかな歌声の調和。
A 秋そのもの,Autumn Leaves / Indian Summer,トニー・ベネット,,Autumn,https://joy-relief-station.lovable.app/cover-guide?artist=tony-bennett&song=autumn-leaves-indian-summer,
A 秋そのもの,僕が死のうと思ったのは,中島美嘉,2013,秋,https://joy-relief-station.lovable.app/cover-guide?artist=nakashima-mika&song=boku-ga-shinou-to-omotta-no-wa,amazarashi秋田ひろむ提供。絶望から光を見出す魂の叫びが圧倒的な感動を呼ぶ。
A 秋そのもの,"Fruit Tree (Take 4, 12th November 1968)",Nick Drake,,November,https://joy-relief-station.lovable.app/cover-guide?artist=nicholas-drake&song=fruit-tree-take-4-12th-november-1968,
A 秋そのもの,"Solo in Offenbach (September 29, 1978)",Jaco Pastorius,,September,https://joy-relief-station.lovable.app/cover-guide?artist=jaco-pastorius&song=solo-in-offenbach-september-29-1978,
A 秋そのもの,Reach for the Dead (from Tomorrow's Harvest),Boards of Canada,,Harvest,https://joy-relief-station.lovable.app/cover-guide?artist=board-of-canada&song=reach-for-the-dead-from-tomorrow-s-harvest,
A 秋そのもの,Autumnsong,Manic Street Preachers,,Autumn,https://joy-relief-station.lovable.app/cover-guide?artist=manic-street-preachers&song=autumnsong,
A 秋そのもの,Autumn Leaves,Stan Getz,1980,Autumn,https://joy-relief-station.lovable.app/cover-guide?artist=stan-getz&song=autumn-leaves,流麗なアドリブが光るライブ音源で、彼の超絶技巧と叙情性が堪能できる
A 秋そのもの,'Tis Autumn,Stan Getz,1958,Autumn,https://joy-relief-station.lovable.app/cover-guide?artist=stan-getz&song=tis-autumn,
A 秋そのもの,Autumn Leaves,Chet Baker,,Autumn,https://joy-relief-station.lovable.app/cover-guide?artist=chet-baker&song=autumn-leaves,
A 秋そのもの,Autumn In New York,Billie Holiday,,Autumn,https://joy-relief-station.lovable.app/cover-guide?artist=billie-holiday&song=autumn-in-new-york,
A 秋そのもの,Autumn In New York,Ella Fitzgerald,,Autumn,https://joy-relief-station.lovable.app/cover-guide?artist=ella-fitzgerald&song=autumn-in-new-york,
A 秋そのもの,思秋期（ししゅうき）,岩崎宏美,,秋,https://joy-relief-station.lovable.app/cover-guide?artist=hiromi-iwasaki&song=思秋期-ししゅうき,
A 秋そのもの,【】／「2020アコーステックライブ〜COTTON CLUB」(ロマンス・思秋期・聖母たちのララバイ・奇跡〜大きな愛のように),岩崎宏美,,秋,https://joy-relief-station.lovable.app/cover-guide?artist=hiromi-iwasaki&song=2020アコーステックライフ-cotton-club-ロマンス-思秋期-聖母たちのララハ-イ-奇,
A 秋そのもの,September Rain,松下誠,1981,September,https://joy-relief-station.lovable.app/cover-guide?artist=makoto-matsushita&song=september-rain,繊細なコーラスワーク。雨の日の憂鬱を心地よく溶かしてくれます。
A 秋そのもの,September Rain,松下誠,1981,September,https://joy-relief-station.lovable.app/cover-guide?artist=makoto-matsushita&song=september-rain-2,
A 秋そのもの,Harvest for the World,The Isley Brothers,,Harvest,https://joy-relief-station.lovable.app/cover-guide?artist=the-isley-brothers&song=harvest-for-the-world,
A 秋そのもの,Love U 4 Life,Jodeci,1995,ハロウィン,https://joy-relief-station.lovable.app/cover-guide?artist=jodeci&song=love-u-4-life,1995年のハロウィンに放たれた誓いのスロー・ジャム。いつも通りハーモニーは万全と評された四つの声が、幾重にも折り重なってゆっくり降ってくる。
A 秋そのもの,Stakes Is High,De La Soul,1996,落ち葉,https://joy-relief-station.lovable.app/cover-guide?artist=de-la-soul&song=stakes-is-high,プロデュースはJay Dee。ジェームス・ブラウン「Mind Power」とアーマッド・ジャマルのサンプルが土台にある。MVでは3人がトーク番組に出演しつつ、洗濯や落ち葉かきに励む姿も映る。
A 秋そのもの,Thank You In Advance,Boyz II Men,2000,秋,https://joy-relief-station.lovable.app/cover-guide?artist=boyz-ii-men&song=thank-you-in-advance,タイトルの意味は「先にありがとう」。2000年秋に米ラジオで解禁され、その翌月には日本でCDが発売された。
A 秋そのもの,Dead Leaves And The Dirty Ground,The White Stripes,,Leaves,https://joy-relief-station.lovable.app/cover-guide?artist=white-stripes&song=dead-leaves-and-the-dirty-ground,
A 秋そのもの,"Daisy Jane (Ohne Filter Extra, September 17, 1999)",America,1999,September,https://joy-relief-station.lovable.app/cover-guide?artist=america&song=daisy-jane-ohne-filter-extra-september-17-1999,
A 秋そのもの,Harvest Moon,Neil Young,1992,Harvest,https://joy-relief-station.lovable.app/cover-guide?artist=neil-young&song=harvest-moon,90年代を代表する、温かい月の光に包まれるような名バラード。
A 秋そのもの,Harvest,Neil Young,,Harvest,https://joy-relief-station.lovable.app/cover-guide?artist=neil-young&song=harvest,
A 秋そのもの,The Autumn Song,ELLEGARDEN,2003,Autumn,https://joy-relief-station.lovable.app/cover-guide?artist=ellegarden&song=the-autumn-song,エモーショナルな歌声が響くバラード。
A 秋そのもの,The Autumn Song LIVE 2007 (4/26),ELLEGARDEN,,Autumn,https://joy-relief-station.lovable.app/cover-guide?artist=ellegarden&song=the-autumn-song-live-2007-4-26,
A 秋そのもの,NATSU NO HINO GOGO - Hibiya Open-Air Concert Hall 2019.9.28【LIVE】,eastern youth,,秋,https://joy-relief-station.lovable.app/cover-guide?artist=eastern-youth&song=natsu-no-hino-gogo-hibiya-open-air-concert-hall-,秋口の野外音楽堂に響く「夏の日の午後」。過ぎた季節を呼び戻すように歌われ、歌詞の景色がいっそう遠く、いとおしい。
A 秋そのもの,September,Pomplamoose,2011,September,https://joy-relief-station.lovable.app/cover-guide?artist=pomplamoose&song=september-earth-wind-and-fire,多重録音による緻密な音作りと、ナタリーの乾いた歌声が原曲の多幸感を強調する。
A 秋そのもの,秋元薫 - Dress Down (Night Tempo Edit),Night Tempo,2018,秋,https://joy-relief-station.lovable.app/cover-guide?artist=night-tempo&song=dress-down-night-tempo-edit,妖艶な都会的ディスコをカットアップ。踊れるシティポップとして世界中で拡散した。
A 秋そのもの,トゥトゥトゥサークル,ロバート,,秋,https://joy-relief-station.lovable.app/cover-guide?artist=robert-akiyama&song=tu-tu-tu-circle,「クリエイターズ・ファイル」秋山竜次の原点。
A 秋そのもの,クリエイターズ・ファイル（キヨちゃん先生）,ロバート,,秋,https://joy-relief-station.lovable.app/cover-guide?artist=robert-akiyama&song=creators-file-ice,毎回まったく別人に変身する秋山。
A 秋そのもの,秋山の“中華系のCM”が「アレ」にしか見えない,ロバート,,秋,https://joy-relief-station.lovable.app/cover-guide?artist=robert-akiyama&song=chuka-cm-monomane,クリエイターズ・ファイルの変身芸を、CMパロディの型で。見た瞬間に分かる、あの空気感の完コピ。
A 秋そのもの,願い (友近＆秋山竜次),ロバート,2017,秋,https://joy-relief-station.lovable.app/cover-guide?artist=robert-akiyama&song=yukimaru-donbi,究極のムード歌謡。大物歌手感溢れる二人の歌唱力と、無駄に壮大なメロディが腹筋を刺激。
A 秋そのもの,勝手にしやがれ (替え歌),ロバート,2021,秋,https://joy-relief-station.lovable.app/cover-guide?artist=robert-akiyama&song=fuji-hiroki,秋山が演じる熟練歌手の、あまりに強引すぎる歌詞のねじ込みとマイク使いのクセが耳から離れない。
A 秋そのもの,【のうた】♪ひろしのぼうしが飛んでった♪/ 作・秋山,ロバート,,秋,https://joy-relief-station.lovable.app/cover-guide?artist=robert-akiyama&song=のうた-ひろしのほ-うしか-飛んて-った-作-秋山,
A 秋そのもの,100人到達記念曲『クリエイターズ・ワールド』キャラ集結！【秋山のクリエイターズ・ファイル#特別編】,ロバート,,秋,https://joy-relief-station.lovable.app/cover-guide?artist=robert-akiyama&song=100人到達記念曲-クリエイタース-ワールト-キャラ集結-秋山のクリエイタース-ファイル-特別編,
A 秋そのもの,秋山「SAY KOU SHOW」（official music video & making）品川ヒロシ監督,ロバート,,秋,https://joy-relief-station.lovable.app/cover-guide?artist=robert-akiyama&song=秋山-say-kou-show-official-music-video-and-making-,
A 秋そのもの,関係者〜ぼくにもなれるかな？〜/秋山竜次,ロバート,,秋,https://joy-relief-station.lovable.app/cover-guide?artist=robert-akiyama&song=関係者-ほ-くにもなれるかな-秋山竜次,
A 秋そのもの,クソの歌 / 秋山竜次 [公式],ロバート,,秋,https://joy-relief-station.lovable.app/cover-guide?artist=robert-akiyama&song=クソの歌-秋山竜次-公式,
A 秋そのもの,Time Of My Life - Top Of The Pops - November 1987,Bill Medley & Jennifer Warnes,,November,https://joy-relief-station.lovable.app/cover-guide?artist=bill-medley&song=time-of-my-life-top-of-the-pops-november-1987,
A 秋そのもの,'s Live show footage at Madison Square Garden on 25th November 2003,Jay-Z,,November,https://joy-relief-station.lovable.app/cover-guide?artist=jay-z&song=s-live-show-footage-at-madison-square-garden-on-,2003年11月、マディソン・スクエア・ガーデンでの実況映像。客席の興奮まで生々しく残る、時代の空気ごと閉じ込めた記録。
A 秋そのもの,"Earth, Wind & Ozzys",DJ Cummerbund,2019,September,https://joy-relief-station.lovable.app/cover-guide?artist=dj-cummerbund&song=earth-wind-and-ozzys,"Ozzy Osbourne「Crazy Train」のボーカルをEarth, Wind & Fire「September」の演奏に乗せた高完成度マッシュアップ。狂気の列車が9月のディスコに乗り入れる。"
A 秋そのもの,Harvest Moon,Cassandra Wilson,,Harvest,https://joy-relief-station.lovable.app/cover-guide?artist=cassandra-wilson&song=harvest-moon,
A 秋そのもの,Rain 5th - September 12 MV Acoustic Ver (2009.03.04),Rain (ピ),,September,https://joy-relief-station.lovable.app/cover-guide?artist=rain-jpop&song=rain-5th-september-12-mv-acoustic-ver-2009-03-04,
A 秋そのもの,Coming Back (feat. October London & Nefertitti Avani),Snoop Dogg,,October,https://joy-relief-station.lovable.app/cover-guide?artist=snoop-dogg&song=coming-back-feat-october-london-and-nefertitti-a,
A 秋そのもの,Sycamore Leaves,a-ha,,Leaves,https://joy-relief-station.lovable.app/cover-guide?artist=a-ha&song=sycamore-leaves,
A 秋そのもの,“ September” by Jojo Alejar,The Tigers,,September,https://joy-relief-station.lovable.app/cover-guide?artist=the-tigers&song=september-by-jojo-alejar,
B 秋に合う,Loud Minority,United Future Organization,,静かな,https://joy-relief-station.lovable.app/cover-guide?artist=united-future-organization&song=loud-minority,渋谷生まれのジャズが、静かな多数派の横をすり抜けていく。1990年、渋谷で結成されたアシッドジャズ・ユニットの一曲。
B 秋に合う,飼い主大好き！一緒に寝たい猫,飼い主大好き,,夜の,https://joy-relief-station.lovable.app/cover-guide?artist=shelf-owner-love&song=owner-love-2,布団に潜り込んだ瞬間、子猫の体温がそのまま夜の重さになる。「猫のデュフィとルノ」チャンネルの一場面。
B 秋に合う,25時,久保田早紀,1980,切ない,https://joy-relief-station.lovable.app/cover-guide?artist=kubota-saki&song=twenty-five-st-light-and-shadow,切ないメロディが胸に響く、都会的で繊細な隠れた名曲です。
B 秋に合う,いつかのメリークリスマス,B'z,,夜の,https://joy-relief-station.lovable.app/cover-guide?artist=bz&song=merry-christmas,雪の夜の祈り。
B 秋に合う,ALONE,B'z,,ひとり,https://joy-relief-station.lovable.app/cover-guide?artist=bz&song=alone,ひとりの強さを歌う。
B 秋に合う,Get Wild,TM NETWORK,,夜の,https://joy-relief-station.lovable.app/cover-guide?artist=tm-network&song=get-wild,夜のハイウェイの定番。
B 秋に合う,君が思い出になる前に,スピッツ,1993,切ない,https://joy-relief-station.lovable.app/cover-guide?artist=spitz&song=kimiga-omoide-ni-naru-mae-ni,切ない別れの情景を透明感ある声で歌い上げ、初のヒットを記録した名バラード。
B 秋に合う,I LOVE YOU,尾崎豊,1991,夜の,https://joy-relief-station.lovable.app/cover-guide?artist=ozaki&song=i-love-you,夜の小さな部屋の歌。
B 秋に合う,シェリー,尾崎豊,1985,夜の,https://joy-relief-station.lovable.app/cover-guide?artist=ozaki&song=shelly,転がり続ける夜の呼びかけ。東京ドーム1988公式ライブ。
B 秋に合う,Tomorrow never knows,Mr.Children,,夜の,https://joy-relief-station.lovable.app/cover-guide?artist=mr-children&song=tomorrow-never-knows,夜の高速道路に似合う。
B 秋に合う,Way of Difference,GLAY,2002,切ない,https://joy-relief-station.lovable.app/cover-guide?artist=glay&song=way-of-difference,「あいのり」主題歌。切ない別れを描いた歌詞とストリングスの絡みが美しい。
B 秋に合う,ENDLESS RAIN,X JAPAN,,夜の,https://joy-relief-station.lovable.app/cover-guide?artist=x-japan&song=endless-rain,雨の夜の祈り。
B 秋に合う,Forever Love,X JAPAN,1996,静かな,https://joy-relief-station.lovable.app/cover-guide?artist=x-japan&song=forever-love,1996年発表、X JAPANの壮大なバラード。静かなピアノから大きな祈りへ広がるので、祝福にも追悼にも響く。
B 秋に合う,春よ、来い,松任谷由実,,静かな,https://joy-relief-station.lovable.app/cover-guide?artist=yuming&song=haru-yo-koi,教科書にも載った、静かな一曲。NHK連続テレビ小説の主題歌として生まれ、震災の年には7000人の合唱バージョンも作られた。
B 秋に合う,雨の街を,松任谷由実,1973,静かな,https://joy-relief-station.lovable.app/cover-guide?artist=yuming&song=ame-no-machi-wo,都市の雨を、静かな声でなぞる。荒井由実時代の隠れた名曲。1976年の貴重な本人映像を1本目に、海外リアクションを2本目に。
B 秋に合う,"Hello,my friend",松任谷由実,,夜の,https://joy-relief-station.lovable.app/cover-guide?artist=yuming&song=hello-my-friend,「真夏の夜の夢」に続く2作連続のミリオンセラー。同じシングルのカップリング曲は、事故で亡くなったF1ドライバー、アイルトン・セナへの追悼として書かれた。
B 秋に合う,真夏の夜の夢,松任谷由実,,夜の,https://joy-relief-station.lovable.app/cover-guide?artist=yuming&song=真夏の夜の夢,「あの日にかえりたい」以来17年ぶりにオリコン1位を獲得し、自身初のミリオンセラーとなった一曲。2024年時点でも、本人にとって最大のヒットシングルのまま。
B 秋に合う,蒼氓,山下達郎,1988,ひとり,https://joy-relief-station.lovable.app/cover-guide?artist=tatsuro&song=soubou,群衆の中のひとりへ。
B 秋に合う,シングル・アゲイン,竹内まりや,,ひとり,https://joy-relief-station.lovable.app/cover-guide?artist=mariya&song=single-again,大人のひとり時間。
B 秋に合う,駅,竹内まりや,1987,切ない,https://joy-relief-station.lovable.app/cover-guide?artist=mariya&song=eki,中森明菜への提供曲をセルフカバー。切ない旋律と再会を描いた情景描写が心に刺さる。
B 秋に合う,うれしくてさみしい日,竹内まりや,,さみしい,https://joy-relief-station.lovable.app/cover-guide?artist=mariya&song=うれしくてさみしい日,
B 秋に合う,traveling,宇多田ヒカル,2001,夜の,https://joy-relief-station.lovable.app/cover-guide?artist=utada&song=traveling,夜の高速を走る音。
B 秋に合う,Beautiful World,宇多田ヒカル,2007,余韻,https://joy-relief-station.lovable.app/cover-guide?artist=utada&song=beautiful-world,映画の余韻と共に。
B 秋に合う,丸の内サディスティック,椎名林檎,,夜の,https://joy-relief-station.lovable.app/cover-guide?artist=ringo&song=marunouchi-sadistic,都会の夜の音。
B 秋に合う,芒に月,椎名林檎,,夜の,https://joy-relief-station.lovable.app/cover-guide?artist=ringo&song=芒に月,敬愛するバンド・あっぱの「ジプシー」を、詞も題も改めて歌ったカバー。作曲者の伊澤一葉がピアノで寄り添う、月夜のような親密さ。
B 秋に合う,appears,浜崎あゆみ,1999,夜の,https://joy-relief-station.lovable.app/cover-guide?artist=ayu&song=appears,夜の街の歌。
B 秋に合う,HEAVEN,浜崎あゆみ,2005,切ない,https://joy-relief-station.lovable.app/cover-guide?artist=ayu&song=heaven,映画主題歌としても話題に。切ないメロディと愛する人との別れを描いた歌詞が響く。
B 秋に合う,カブトムシ,aiko,1999,夜の,https://joy-relief-station.lovable.app/cover-guide?artist=aiko&song=kabutomushi,夏の夜の記憶。
B 秋に合う,えりあし,aiko,2003,切ない,https://joy-relief-station.lovable.app/cover-guide?artist=aiko&song=eriashi,切ないメロディと冬の情景が重なる、ファン人気絶大な別れのバラード。
B 秋に合う,愛がひとりぼっち,岩崎良美,1985,切ない,https://joy-relief-station.lovable.app/cover-guide?artist=iwasaki-yoshimi&song=ai-ga-hitoribochi,アニメ『タッチ』OP第2弾。疾走感のあるビートに切ない歌詞が乗る人気曲。
B 秋に合う,月夜恋風,いきものがかり,,月夜,https://joy-relief-station.lovable.app/cover-guide?artist=ikimono&song=月夜恋風,
B 秋に合う,Pretender,Official髭男dism,,夜の,https://joy-relief-station.lovable.app/cover-guide?artist=higedan&song=pretender,夜の街の歌。
B 秋に合う,夜に駆ける,YOASOBI,,夜の,https://joy-relief-station.lovable.app/cover-guide?artist=yoasobi&song=yoru-ni-kakeru,夜の街を走る音。
B 秋に合う,群青,YOASOBI,,夜の,https://joy-relief-station.lovable.app/cover-guide?artist=yoasobi&song=gunjou,青の夜の歌。
B 秋に合う,Pale Blue,米津玄師,,夜の,https://joy-relief-station.lovable.app/cover-guide?artist=kenshi&song=pale-blue,夜の静けさ。
B 秋に合う,今夜このまま,あいみょん,2018,夜の,https://joy-relief-station.lovable.app/cover-guide?artist=aimyon&song=imadakimi,夜の静けさ。
B 秋に合う,裸の心,あいみょん,2020,切ない,https://joy-relief-station.lovable.app/cover-guide?artist=aimyon&song=naked-heart,ドラマ主題歌で大ヒット、切ない恋心を歌う代表的バラード。
B 秋に合う,逆夢,King Gnu,,余韻,https://joy-relief-station.lovable.app/cover-guide?artist=king-gnu&song=ai-king-gnu,映画の余韻。
B 秋に合う,怪獣の花唄,Vaundy,,夜の,https://joy-relief-station.lovable.app/cover-guide?artist=vaundy&song=kaiju-no-hanauta,青の夜の歌。
B 秋に合う,高嶺の花子さん,back number,,切ない,https://joy-relief-station.lovable.app/cover-guide?artist=back-number&song=takanedanohanako-san,切ない告白。
B 秋に合う,わたがし,back number,2012,切ない,https://joy-relief-station.lovable.app/cover-guide?artist=back-number&song=watashigashitariyuu,夏祭りでのもどかしい恋心を繊細に描いた切ない人気曲。
B 秋に合う,【公式】ザ・ブルーハーツ「夕暮れ」【14thシングル(1993/10/25)】 / Yugure,THE BLUE HEARTS,,夕暮れ,https://joy-relief-station.lovable.app/cover-guide?artist=blue-hearts&song=公式-サ-フ-ルーハーツ-夕暮れ-14thシンク-ル-1993-10-25-yugure,
B 秋に合う,サヨナラバス,ゆず,1999,切ない,https://joy-relief-station.lovable.app/cover-guide?artist=yuzu&song=sayonara-bus,切ない別れを軽快なメロディに乗せた、初期ゆずの到達点的名曲。
B 秋に合う,IT'S ONLY LOVE,福山雅治,1994,切ない,https://joy-relief-station.lovable.app/cover-guide?artist=fukuyama&song=it-s-only-love,ミリオンセラーを記録した初期の切ない大ヒットラブソング。
B 秋に合う,やさしいキスをして,DREAMS COME TRUE,2004,切ない,https://joy-relief-station.lovable.app/cover-guide?artist=dreamscometrue&song=yasashii-kiss-wo-shite,切ないメロディが響く冬の定番バラード。吉田美和の圧倒的な声量と表現力に涙する。
B 秋に合う,夜空ノムコウ,SMAP,,夜の,https://joy-relief-station.lovable.app/cover-guide?artist=smap&song=yozora-no-mukou,夜の街の歌。
B 秋に合う,オレンジ,SMAP,2000,切ない,https://joy-relief-station.lovable.app/cover-guide?artist=smap&song=orange,『らいおんハート』B面ながら、屈指の人気を誇る切ない別れの歌。
B 秋に合う,Monster,嵐,,夜の,https://joy-relief-station.lovable.app/cover-guide?artist=arashi&song=monster,夜の街の歌。
B 秋に合う,『モーニングコーヒー』,モーニング娘。,,コーヒー,https://joy-relief-station.lovable.app/cover-guide?artist=morning-musume&song=モーニンク-コーヒー,
B 秋に合う,DESIRE -情熱-,中森明菜,1988,夜の,https://joy-relief-station.lovable.app/cover-guide?artist=akina&song=desire,夜の街の歌。
B 秋に合う,セカンド・ラブ,中森明菜,1982,切ない,https://joy-relief-station.lovable.app/cover-guide?artist=akina&song=second-love,最大のセールスを記録。切ない恋心と消え入りそうな高音が胸を締め付ける。
B 秋に合う,あなたに逢いたくて〜Missing You〜,松田聖子,1996,切ない,https://joy-relief-station.lovable.app/cover-guide?artist=seiko&song=anata-ni-aitakute,自身最大の売上を記録。切ない歌詞が共感を呼ぶ珠玉のバラード。
B 秋に合う,さくらさくら,美空ひばり,,余韻,https://joy-relief-station.lovable.app/cover-guide?artist=misora&song=sakura-sakura,日本古謡の旋律を、美空ひばりの端正な声で聴く一枚。春の景色だけでなく、日本語の余韻そのものが残る。
B 秋に合う,ひとり旅～リンゴ追分～入り,美空ひばり,,ひとり,https://joy-relief-station.lovable.app/cover-guide?artist=misora&song=ひとり旅-リンコ-追分-入り,
B 秋に合う,リバーサイドホテル 1992 SPARKLING BLUE （日本武道館）,井上陽水,,静かな,https://joy-relief-station.lovable.app/cover-guide?artist=inoue-yousui&song=リハ-ーサイト-ホテル-1992-sparkling-blue-日本武道館,陽水がステージに立つだけで、武道館の空気が静かなホテルのロビーに変わる。1982年発表、この映像は10年後、1992年の日本武道館ライブ「SPARKLING BLUE」から。
B 秋に合う,Somebody's Night,矢沢永吉,1989,夜の,https://joy-relief-station.lovable.app/cover-guide?artist=yazawa&song=time,夜の街の歌。
B 秋に合う,"アイ・ラヴ・ユー,OK",矢沢永吉,1975,切ない,https://joy-relief-station.lovable.app/cover-guide?artist=yazawa&song=ai-no-kanata-ni,ソロデビュー曲。キャリアを象徴する甘く切ないバラード。
B 秋に合う,チャイナタウン,矢沢永吉,1978,切ない,https://joy-relief-station.lovable.app/cover-guide?artist=yazawa&song=after-midnight,切ないメロディが心に響く、ファンの間で絶大な人気を誇る一曲。
B 秋に合う,× 布袋寅泰 | もうひとりの俺 | NHK SONGS tribute edition by HYOZII,矢沢永吉,,ひとり,https://joy-relief-station.lovable.app/cover-guide?artist=yazawa&song=布袋寅泰-もうひとりの俺-nhk-songs-tribute-edition-by-hyozii,
B 秋に合う,スローバラード,忌野清志郎 / RCサクセション / ザ・タイマーズ,1976,夜の,https://joy-relief-station.lovable.app/cover-guide?artist=rc-succession&song=slow-ballad,夜の静寂を切り裂くホーン。ただのバラードを聴くつもりが、逃げ場のない切なさに包囲される。
B 秋に合う,アニメ「眠れぬ夜の小さなお話」 OPテーマ,原由子,,夜の,https://joy-relief-station.lovable.app/cover-guide?artist=hara-yuko&song=アニメ-眠れぬ夜の小さなお話-opテーマ,
B 秋に合う,祭りのあと,桑田佳祐,1994,切ない,https://joy-relief-station.lovable.app/cover-guide?artist=kuwata&song=saisetsukon,切ないメロディが心に染み渡る、至高のバラードソングです。
B 秋に合う,恋人も濡れる街角,桑田佳祐,1986,夜の,https://joy-relief-station.lovable.app/cover-guide?artist=kuwata&song=koibito-mo-nureru,桑田佳祐ソロ初期の代表バラード。雨と街と夜の重心。
B 秋に合う,Remember Me,TUBE,1988,切ない,https://joy-relief-station.lovable.app/cover-guide?artist=tube&song=remember-me,織田哲郎作曲の切ないメロディが胸を打つ、初期チューブを代表するバラード。
B 秋に合う,離したくはない,T-BOLAN,,切ない,https://joy-relief-station.lovable.app/cover-guide?artist=tspoon&song=bye-for-now,切ない告白。
B 秋に合う,贅沢な情熱,T-BOLAN,1993,切ない,https://joy-relief-station.lovable.app/cover-guide?artist=tspoon&song=shakkini-torawarete,切ないメロディが光る、ファンからの人気も非常に高い名バラード。
B 秋に合う,All Along the Watchtower,Bob Dylan,1967,静かな,https://joy-relief-station.lovable.app/cover-guide?artist=bob-dylan&song=all-along-the-watchtower,静止した空気の中に響く寓話的な一節。ジミヘンのカバーとは違う静かな緊張感。
B 秋に合う,Stayin' Alive,Bee Gees,1977,夜の,https://joy-relief-station.lovable.app/cover-guide?artist=bee-gees&song=stayin-alive,夜の街を歩く重心。
B 秋に合う,Westchester Lady,Bob James,,夜の,https://joy-relief-station.lovable.app/cover-guide?artist=bob-james&song=westchester-lady,夜のジャズの定番。
B 秋に合う,Always,Bon Jovi,1994,切ない,https://joy-relief-station.lovable.app/cover-guide?artist=bon-jovi&song=always,切ないバラード。
B 秋に合う,Paradise City,Guns N' Roses,1987,夜の,https://joy-relief-station.lovable.app/cover-guide?artist=guns&song=paradise-city,夜の街を走る歌。
B 秋に合う,Don't Cry,Guns N' Roses,1991,夜の,https://joy-relief-station.lovable.app/cover-guide?artist=guns&song=dont-cry,長い夜のバラード。
B 秋に合う,And I Love Her,The Beatles,1964,静かな,https://joy-relief-station.lovable.app/cover-guide?artist=beatles&song=and-i-love-her,静かなアコースティックの名バラード。
B 秋に合う,"Here, There and Everywhere",The Beatles,1966,静かな,https://joy-relief-station.lovable.app/cover-guide?artist=beatles&song=here-there-and-everywhere,ポール自身が気に入っている、静かな愛の歌。
B 秋に合う,Come Together,The Beatles,1969,夜の,https://joy-relief-station.lovable.app/cover-guide?artist=beatles&song=come-together,Lennonの夜のグルーヴ。George BensonやMichael Jacksonも歌い継いだ。
B 秋に合う,Paint It Black,The Rolling Stones,1966,夜の,https://joy-relief-station.lovable.app/cover-guide?artist=rolling-stones&song=paint-it-black,夜の咆哮。
B 秋に合う,Stairway to Heaven,Led Zeppelin,1971,静かな,https://joy-relief-station.lovable.app/cover-guide?artist=led-zeppelin&song=stairway-to-heaven,静かなアルペジオで始まり、8分かけてゆっくり天に昇っていく。ロックの教科書に最初に載る一曲。
B 秋に合う,Tears in Heaven,Eric Clapton,1992,静かな,https://joy-relief-station.lovable.app/cover-guide?artist=eric-clapton&song=tears-in-heaven,静かな祈り。
B 秋に合う,Lately,Stevie Wonder,1981,静かな,https://joy-relief-station.lovable.app/cover-guide?artist=stevie&song=lately,静かなピアノの夜。
B 秋に合う,Saving All My Love for You,Whitney Houston,1985,切ない,https://joy-relief-station.lovable.app/cover-guide?artist=whitney&song=saving-all-my-love-for-you,甘く切ない秘めた恋を歌った、彼女初の全米1位。
B 秋に合う,Without You,Mariah Carey,1994,切ない,https://joy-relief-station.lovable.app/cover-guide?artist=mariah&song=without-you,切ない夜に。
B 秋に合う,Careless Whisper,George Michael,1984,切ない,https://joy-relief-station.lovable.app/cover-guide?artist=george-michael&song=careless-whisper,サックスが切ない夜のバラード。
B 秋に合う,Father Figure,George Michael,1987,夜の,https://joy-relief-station.lovable.app/cover-guide?artist=george-michael&song=father-figure,夜のソウル。
B 秋に合う,One More Try,George Michael,1988,切ない,https://joy-relief-station.lovable.app/cover-guide?artist=george-michael&song=one-more-try,切ない祈り。
B 秋に合う,Hotel California,Eagles,1977,夜の,https://joy-relief-station.lovable.app/cover-guide?artist=eagles&song=hotel-california,夜のドライブの定番。
B 秋に合う,Come Away with Me,Norah Jones,,静かな,https://joy-relief-station.lovable.app/cover-guide?artist=norah&song=come-away-with-me,静かな誘い。
B 秋に合う,The Scientist,Coldplay,2002,静かな,https://joy-relief-station.lovable.app/cover-guide?artist=coldplay&song=the-scientist,静かなピアノ。
B 秋に合う,Clocks,Coldplay,2002,夜の,https://joy-relief-station.lovable.app/cover-guide?artist=coldplay&song=clocks,夜のピアノの記憶。
B 秋に合う,A Sky Full of Stars,Coldplay,2014,静かな,https://joy-relief-station.lovable.app/cover-guide?artist=coldplay&song=a-sky-full-of-stars,Aviciiとの共作。静かなピアノから爆発的なEDMへ転換する高揚感が圧巻。
B 秋に合う,Photograph,Ed Sheeran,,静かな,https://joy-relief-station.lovable.app/cover-guide?artist=ed-sheeran&song=photograph,静かな約束。
B 秋に合う,The A Team,Ed Sheeran,2011,切ない,https://joy-relief-station.lovable.app/cover-guide?artist=ed-sheeran&song=the-a-team,彼のキャリアの原点。ホームレス女性との出会いから書かれた切ないデビュー曲。
B 秋に合う,24K Magic,Bruno Mars,,夜の,https://joy-relief-station.lovable.app/cover-guide?artist=bruno&song=24k-magic,夜のパーティ。
B 秋に合う,Why You Wanna Fight?,Bruno Mars,,夜の,https://joy-relief-station.lovable.app/cover-guide?artist=bruno&song=why-you-wanna-fight,けんかを売るでもなく、下手に出るでもなく、ただ「なんでそうしたいの」と問い返す。声を荒げないぶん、こじれた夜の空気がやけに生々しく残る。
B 秋に合う,Hello,Adele,2015,夜の,https://joy-relief-station.lovable.app/cover-guide?artist=adele&song=hello,夜の電話の歌。
B 秋に合う,Style,Taylor Swift,2014,夜の,https://joy-relief-station.lovable.app/cover-guide?artist=taylor&song=style,ダフト・パンクに触発されたギターの試作を偶然耳にし、気に入った本人が歌詞を書いた曲。流行が変わっても私たちは廃れない、と歌う夜のドライブ。
B 秋に合う,Anti-Hero,Taylor Swift,2022,夜の,https://joy-relief-station.lovable.app/cover-guide?artist=taylor&song=anti-hero,夜の自問自答。
B 秋に合う,You Belong With Me,Taylor Swift,2008,切ない,https://joy-relief-station.lovable.app/cover-guide?artist=taylor&song=you-belong-with-me,切ない片想いを歌い世界的に大ヒットした、カントリー時代の決定版。
B 秋に合う,What's Going On,Marvin Gaye,1971,静かな,https://joy-relief-station.lovable.app/cover-guide?artist=marvin-gaye&song=whats-going-on,怒りでも、祈りでもある。世界に向けた静かな問いかけ。
B 秋に合う,Let's Get It On,Marvin Gaye,1973,夜の,https://joy-relief-station.lovable.app/cover-guide?artist=marvin-gaye&song=lets-get-it-on,夜のソウル。
B 秋に合う,National Anthem (1983 NBA All-Star Game),Marvin Gaye,1983,夜の,https://joy-relief-station.lovable.app/cover-guide?artist=marvin-gaye&song=national-anthem-nba-1983,厳粛な国歌を、夜のクラブみたいなグルーヴに変えた反則級の名唱。
B 秋に合う,Fly Me to the Moon,Frank Sinatra,,夜の,https://joy-relief-station.lovable.app/cover-guide?artist=sinatra&song=fly-me-to-the-moon,夜のジャズの定番。
B 秋に合う,Rainy Days and Mondays,Carpenters,1971,切ない,https://joy-relief-station.lovable.app/cover-guide?artist=carpenters&song=rainy-days-and-mondays,切ないメロディとカレンの憂いある歌声が響く究極の名曲。
B 秋に合う,The Sound of Silence,Simon & Garfunkel,1965,静かな,https://joy-relief-station.lovable.app/cover-guide?artist=simon-garfunkel&song=sound-of-silence,静かな夜。
B 秋に合う,Scarborough Fair,Simon & Garfunkel,1968,静かな,https://joy-relief-station.lovable.app/cover-guide?artist=simon-garfunkel&song=scarborough-fair,英国民謡をもとにした静かな名曲。Simon & Garfunkelの声で聴くと、古い市場の景色が霧の向こうから戻る。
B 秋に合う,The Only Living Boy in New York,Simon & Garfunkel,1970,ひとり,https://joy-relief-station.lovable.app/cover-guide?artist=simon-garfunkel&song=the-only-living-boy-in-new-york,都会の真ん中で、ひとりだけ遠くを見る。
B 秋に合う,It's Too Late,Carole King,1971,切ない,https://joy-relief-station.lovable.app/cover-guide?artist=carole-king&song=its-too-late,グラミー賞最優秀レコード賞。切ない別れの情景が光る名曲です。
B 秋に合う,Will You Love Me Tomorrow?,Carole King,1971,切ない,https://joy-relief-station.lovable.app/cover-guide?artist=carole-king&song=will-you-love-me-tomorrow,シュレルズへの提供曲を自らセルフカバー。切ないピアノ弾き語りが心に沁みる。
B 秋に合う,With or Without You,U2,1987,夜の,https://joy-relief-station.lovable.app/cover-guide?artist=u2&song=with-or-without-you,夜のバラード。
B 秋に合う,Champagne Supernova,Oasis,,夜の,https://joy-relief-station.lovable.app/cover-guide?artist=oasis&song=champagne-supernova,長い夜の歌。
B 秋に合う,Karma Police,Radiohead,1997,夜の,https://joy-relief-station.lovable.app/cover-guide?artist=radiohead&song=karma-police,夜の街の歌。
B 秋に合う,Heart-Shaped Box,Nirvana,1993,夜の,https://joy-relief-station.lovable.app/cover-guide?artist=nirvana&song=heart-shaped-box,夜の咆哮。
B 秋に合う,About a Girl,Nirvana,1989,静かな,https://joy-relief-station.lovable.app/cover-guide?artist=nirvana&song=about-a-girl,静かなアコースティック。
B 秋に合う,Smooth Operator,Sade,,夜の,https://joy-relief-station.lovable.app/cover-guide?artist=sade&song=smooth-operator,夜のジャズ。
B 秋に合う,No Ordinary Love,Sade,,静かな,https://joy-relief-station.lovable.app/cover-guide?artist=sade&song=no-ordinary-love,静かなソウル。
B 秋に合う,Cherish the Day,Sade,1993,静かな,https://joy-relief-station.lovable.app/cover-guide?artist=sade&song=cherish-the-day,浮遊感のあるトラックが特徴。神秘的で静かな祈りのような深い愛を歌う一曲。
B 秋に合う,bad guy,Billie Eilish,2019,夜の,https://joy-relief-station.lovable.app/cover-guide?artist=billie&song=bad-guy,夜の囁き。
B 秋に合う,everything i wanted,Billie Eilish,2019,夜の,https://joy-relief-station.lovable.app/cover-guide?artist=billie&song=everything-i-wanted,夜の静けさ。
B 秋に合う,when the party's over,Billie Eilish,2018,静かな,https://joy-relief-station.lovable.app/cover-guide?artist=billie&song=when-the-partys-over,繊細な歌声と芸術的なMVが、彼女の静かな凄みを感じさせます。
B 秋に合う,Happier Than Ever,Billie Eilish,2021,静かな,https://joy-relief-station.lovable.app/cover-guide?artist=billie&song=happier-than-ever,静かな出だしからエモーショナルに爆発する、圧巻の展開が魅力。
B 秋に合う,Your Power,Billie Eilish,2021,静かな,https://joy-relief-station.lovable.app/cover-guide?artist=billie&song=your-power,静かなギターの弾き語りで、権力の乱用と人間関係の脆さを鋭く告発する。
B 秋に合う,Blinding Lights,The Weeknd,,夜の,https://joy-relief-station.lovable.app/cover-guide?artist=weeknd&song=blinding-lights,夜のドライブ。
B 秋に合う,Poker Face,Lady Gaga,,夜の,https://joy-relief-station.lovable.app/cover-guide?artist=lady-gaga&song=poker-face,夜のクラブ。
B 秋に合う,Can You Feel the Love Tonight,Elton John,1994,夜の,https://joy-relief-station.lovable.app/cover-guide?artist=elton-john&song=can-you-feel-the-love-tonight,『ライオン・キング』。夜の草原の音。
B 秋に合う,New York State of Mind,Billy Joel,1976,夜の,https://joy-relief-station.lovable.app/cover-guide?artist=billy-joel&song=new-york-state-of-mind,ピアノとサックスが滲む、都会の夜のスタンダード。
B 秋に合う,Big Shot,Billy Joel,1978,夜の,https://joy-relief-station.lovable.app/cover-guide?artist=billy-joel&song=big-shot,派手な夜のあとの皮肉まじりの一曲。
B 秋に合う,Fernando,ABBA,1976,夜の,https://joy-relief-station.lovable.app/cover-guide?artist=abba&song=fernando,夜の星空の歌。
B 秋に合う,SOS,ABBA,1975,切ない,https://joy-relief-station.lovable.app/cover-guide?artist=abba&song=sos,切ないマイナー調のメロディから一気に華やぐサビへの転換はポップスの教科書。
B 秋に合う,Georgia on My Mind,Ray Charles,1960,夕暮れ,https://joy-relief-station.lovable.app/cover-guide?artist=ray-charles&song=georgia-on-my-mind,ジョージアの夕暮れ。
B 秋に合う,Having a Party,Sam Cooke,1962,夜の,https://joy-relief-station.lovable.app/cover-guide?artist=sam-cooke&song=having-a-party,楽しい夜の情景を歌い、ライブでも定番となった多幸感あふれるアンセム。
B 秋に合う,We Have All the Time in the World,Louis Armstrong,1969,余韻,https://joy-relief-station.lovable.app/cover-guide?artist=louis-armstrong&song=we-have-all-the-time,007の余韻。
B 秋に合う,恋のマジックポーション,すかんち,1992,切ない,https://joy-relief-station.lovable.app/cover-guide?artist=sukanchi&song=koi-no-magic-potion,ROLLY 率いる歌謡グラム・ロックバンドの代表曲。ケバケバしいのに切ないメロディ。ライブ版も併置。
B 秋に合う,To Build a Home,The Cinematic Orchestra,2007,切ない,https://joy-relief-station.lovable.app/cover-guide?artist=the-cinematic-orchestra&song=to-build-a-home,切ないピアノと歌声が胸に深く染み渡る不朽の名曲です
B 秋に合う,Hallelujah,Jeff Buckley,1984,夜の,https://joy-relief-station.lovable.app/cover-guide?artist=jeff-buckley&song=hallelujah,祈りみたいな声が、夜の天井にすっと消えていく。
B 秋に合う,Everybody Here Wants You,Jeff Buckley,2004,夜更け,https://joy-relief-station.lovable.app/cover-guide?artist=jeff-buckley&song=everybody-here-wants-you,没後に編まれた『Sketches』の先行曲で、グラミーの男性ロック・ボーカル部門候補に。夜更けの空気へ声がゆっくり溶けていく、静かな熱を持ったソウル・バラード。
B 秋に合う,Nightcall,Kavinsky,,夜の,https://joy-relief-station.lovable.app/cover-guide?artist=kavinsky&song=nightcall,夜の道路が、急に映画になる。
B 秋に合う,Midnight City,M83,,深夜,https://joy-relief-station.lovable.app/cover-guide?artist=m83&song=midnight-city,深夜の街が、青く光って走り出す。
B 秋に合う,Radar Love,Golden Earring,,夜の,https://joy-relief-station.lovable.app/cover-guide?artist=golden-earring&song=radar-love,夜の長距離ドライブに、鼓動みたいなリズムを足す。
B 秋に合う,Drive,The Cars,,夜の,https://joy-relief-station.lovable.app/cover-guide?artist=the-cars&song=drive,誰が君を家まで送るのか、夜の助手席で考える。
B 秋に合う,Sunday Morning,Maroon 5,,コーヒー,https://joy-relief-station.lovable.app/cover-guide?artist=maroon-5&song=sunday-morning,日曜の朝、布団とコーヒーのあいだに置きたい。
B 秋に合う,Sweet Dreams,Eurythmics,,冷たい,https://joy-relief-station.lovable.app/cover-guide?artist=eurythmics&song=sweet-dreams,冷たいシンセの上で、夢が少し不気味に光る。
B 秋に合う,ブルー・ライト・ヨコハマ,いしだあゆみ,,夜の,https://joy-relief-station.lovable.app/cover-guide?artist=ishidaayumi&song=フ-ルー-ライト-ヨコハマ,夜の横浜を、青い灯りごと歌謡曲にした一曲。
B 秋に合う,サイレント・イヴ,辛島美登里,,静かな,https://joy-relief-station.lovable.app/cover-guide?artist=karashimamidori&song=サイレント-イウ,静かな夜に、終わった恋だけがまだ灯っている。
B 秋に合う,夜の囁き/,辛島美登里,,夜の,https://joy-relief-station.lovable.app/cover-guide?artist=karashimamidori&song=夜の囁き,
B 秋に合う,/ いつか冷たい雨が,イルカ,,冷たい,https://joy-relief-station.lovable.app/cover-guide?artist=イルカ&song=いつか冷たい雨か,
B 秋に合う,Softcore,The Neighbourhood,,深夜,https://joy-relief-station.lovable.app/cover-guide?artist=the-neighbourhood&song=softcore,シングルにならないまま、2022年に再燃して世界チャート入りした遅咲きの一曲。深夜2時の画面の光みたいな、けだるい青さ。
B 秋に合う,渡良瀬橋,森高千里,1993,夕暮れ,https://joy-relief-station.lovable.app/cover-guide?artist=moritakachisato&song=渡良瀬橋,夕暮れの橋に、言えなかった気持ちが残っている。
B 秋に合う,If I Could Reach You,The 5th Dimension,2006,夕暮れ,https://joy-relief-station.lovable.app/cover-guide?artist=the-5th-dimension&song=if-i-could-reach-you,全米トップ10入りはこれが最後、イージーリスニング・チャート1位もこれが最後という節目の一曲。夕暮れ色のハーモニーが染みる。
B 秋に合う,Mystic Voyage,Roy Ayers Ubiquity,,夜の,https://joy-relief-station.lovable.app/cover-guide?artist=roy-ayers-ubiquity&song=mystic-voyage,1975年、キャノンボール・アダレイの思い出に捧げたアルバムの表題曲。ヴィブラフォンが波間に光る、夜の航海のようなメロウ・ファンク。
B 秋に合う,Sephia,Sheila on 7,2000,切ない,https://joy-relief-station.lovable.app/cover-guide?artist=sheila-on-7&song=sephia,切ないメロディラインが秀逸。当時の音楽賞を総なめにした伝説的バラード。
B 秋に合う,I Know You Know I Love You,落日飛車 (Sunset Rollercoaster),2011,夜の,https://joy-relief-station.lovable.app/cover-guide?artist=sunset-rollercoaster&song=i-know-you-know-i-love-you,サイケデリックかつメロウな揺らぎが心地よい、夜のドライブに最適な名曲。
B 秋に合う,人質,A-Mei (張惠妹),2006,切ない,https://joy-relief-station.lovable.app/cover-guide?artist=a-mei&song=hostage,圧倒的な声量を持つ彼女が、あえて絞り出すように歌う切ない失恋バラード
B 秋に合う,祝福,葉蒨文 (サリー・イェー),1988,寂し,https://joy-relief-station.lovable.app/cover-guide?artist=sally-yeh&song=bless,「旅立つ人へ」の贈る言葉。温かみのある歌声が別れの寂しさを包み込む。
B 秋に合う,Happen Ending (feat. Cho Won-sun),EPIK HIGH,2014,寂し,https://joy-relief-station.lovable.app/cover-guide?artist=epik-high&song=happen-ending,別れに慣れてしまった大人の寂しさを淡々と綴る、胸を締め付ける旋律。
B 秋に合う,Across the universe,Baek Yerin,2015,夜の,https://joy-relief-station.lovable.app/cover-guide?artist=baek-yerin&song=across-the-universe,繊細で透明感溢れる歌声が、都会の夜の隙間にスッと入り込む名バラード。
B 秋に合う,ごめんよ 涙,田原俊彦,1989,切ない,https://joy-relief-station.lovable.app/cover-guide?artist=toshihiko-tahara&song=gogaku-ni-sayonara,切ないメロディと男の哀愁。歌唱とダンスの成熟を感じさせる後半期のヒット作。
B 秋に合う,Bell Bottom Blues,Derek and the Dominos,1970,切ない,https://joy-relief-station.lovable.app/cover-guide?artist=derek-and-the-dominos&song=bell-bottom-blues,クラプトンのキャリアの中でも最も切ない歌声。愛の痛みを綴った至高のバラード。
B 秋に合う,Last Dance,Donna Summer,1978,夜の,https://joy-relief-station.lovable.app/cover-guide?artist=donne-summer&song=last-dance,バラードからディスコへと加速するドラマチックな展開は、夜の終わりの絶対的定番。
B 秋に合う,北風〜君にとどきますように〜 / 槇原敬之,ハウス食品,1992,湯気,https://joy-relief-station.lovable.app/cover-guide?artist=house-foods&song=kitakazesun,シチューの湯気と共に流れる冬の定番。孤独を包み込むような優しき名曲。
B 秋に合う,クリスマス・イブ / 山下達郎,JR東海,1988,切ない,https://joy-relief-station.lovable.app/cover-guide?artist=jr-tokai&song=christmas-eve,深津絵里や牧瀬里穂の切ない表情。遠距離恋愛の象徴となった駅のホーム。
B 秋に合う,Same Page?,Tilly Birds,2020,切ない,https://joy-relief-station.lovable.app/cover-guide?artist=tilly-birds&song=same-page,タイポップス躍進の象徴。洗練されたR&Bに切ないメロディが溶け合う。
B 秋に合う,大眠,王心凌 (Cyndi Wang),2018,切ない,https://joy-relief-station.lovable.app/cover-guide?artist=cyndi-wang&song=great-happiness-unexpectedly,「甘い偶像」から「実力派」へ。愛の盲目さを歌い上げた切ないバラード。
B 秋に合う,Go Slow (浴室),deca joins,2017,夜の,https://joy-relief-station.lovable.app/cover-guide?artist=deca-joins&song=go-slow,都会の孤独をチルなサウンドに溶かす。気だるいボーカルが癖になる夜の定番曲。
B 秋に合う,Wave (海浪),deca joins,2017,切ない,https://joy-relief-station.lovable.app/cover-guide?artist=deca-joins&song=wave,優しくも切ないギターのリフレイン。人生の倦怠感を肯定してくれるような癒やし。
B 秋に合う,李香蘭,張學友 (ジャッキー・チュン),1990,切ない,https://joy-relief-station.lovable.app/cover-guide?artist=jacky-cheung&song=li-xianglan,玉置浩二『行かないで』を壮大にカバー。映画のように劇的で切ない情景が浮かび上がる。
B 秋に合う,夕陽之歌,梅艷芳 (アニタ・ムイ),1989,黄昏,https://joy-relief-station.lovable.app/cover-guide?artist=anita-pui-yi-mui&song=sunset-melody,近藤真彦『夕焼けの歌』のカバー。人生の黄昏を悟ったような深い表現力に涙する。
B 秋に合う,Beautiful,Crush,2016,切ない,https://joy-relief-station.lovable.app/cover-guide?artist=crush&song=beautiful,ドラマ『トッケビ』の名曲。孤独に染み入る優しくも切ない美声が際立つ。
B 秋に合う,みずいろ,佐藤ひろ美,2001,切ない,https://joy-relief-station.lovable.app/cover-guide?artist=hiromi-sato&song=mizuiro,切ないメロディが胸を打つ、Elements Gardenの上松範康による初期傑作。
B 秋に合う,sayonara sayonara,KICK THE CAN CREW,2002,切ない,https://joy-relief-station.lovable.app/cover-guide?artist=kick-the-can-crew&song=sayonara-sayonara,切ないメロディと3人の掛け合いが涙を誘う、別れをテーマにした名曲。
B 秋に合う,異星人と熱帯夜,Cody・Lee(李),2021,夜の,https://joy-relief-station.lovable.app/cover-guide?artist=cody-lee&song=codylee-when-the-morning-comes,男女ツインボーカルが織りなす、夏の夜の気怠さと微かな高揚。 
B 秋に合う,夜の探検,chilldspot,,夜の,https://joy-relief-station.lovable.app/cover-guide?artist=chilldspot&song=夜の探検,
B 秋に合う,Neon sigh,chilldspot,2020,夜の,https://joy-relief-station.lovable.app/cover-guide?artist=chilldspot&song=neonsigh,都会の夜の虚無感を映し出す、ジャジーでスモーキーなアンニュイ・ポップ。
B 秋に合う,まゆみ,KAN,1993,切ない,https://joy-relief-station.lovable.app/cover-guide?artist=kan-kimura&song=unforgettable-shizumu-yuuhi,切ないメロディと緻密なアレンジが光る、90sポップスの隠れた名バラード。
B 秋に合う,コーヒー・ルンバ,荻野目洋子,1992,コーヒー,https://joy-relief-station.lovable.app/cover-guide?artist=yoko-oginome&song=coffee-rumba,ラテンのリズムを現代風にアレンジ。キレのあるダンスと共に魅せる情熱的なカバー。
B 秋に合う,(YO-CO) / コーヒー・ルンバ,荻野目洋子,1992,コーヒー,https://joy-relief-station.lovable.app/cover-guide?artist=yoko-oginome&song=yo-co-コーヒー-ルンハ,
B 秋に合う,けんかをやめて,河合奈保子,1982,しっとり,https://joy-relief-station.lovable.app/cover-guide?artist=naoko-kawai&song=kenka-o-yamete,竹内まりや提供曲。揺れ動く乙女心を豊かな表現力でしっとりと歌いこなした名作。
B 秋に合う,Melissa,The Allman Brothers Band,1972,深夜,https://joy-relief-station.lovable.app/cover-guide?artist=the-allman-brothers-band&song=melissa,300曲近い習作の果てに残った初期の宝物で、名前は深夜の食料品店でふと降ってきた。亡き兄デュアンが愛した歌として録音された。
B 秋に合う,Midnight Rider,The Allman Brothers Band,1970,深夜,https://joy-relief-station.lovable.app/cover-guide?artist=the-allman-brothers-band&song=midnight-rider,録りたい衝動が抑えられず、深夜のスタジオに忍び込んでデモを残したという逸話の持ち主。グレッグが生涯で最も誇った一曲でもある。
B 秋に合う,Smokestack Lightnin',Howlin' Wolf,1956,夜の,https://joy-relief-station.lovable.app/cover-guide?artist=howlin-wolf&song=smokestack-lightnin,遠吠えのような咆哮と不気味なリフ。夜の闇を突き抜ける野生のブルース。
B 秋に合う,Smokestack Lightning,Howlin' Wolf,,夜の,https://joy-relief-station.lovable.app/cover-guide?artist=howlin-wolf&song=smokestack-lightning,夜の田舎で列車を眺め、煙突から散る火の粉を稲妻に見立てた歌。ひとつのコードだけで催眠のように引きずり込む1956年の轟き。
B 秋に合う,The Thrill Is Gone,B.B. King,1969,切ない,https://joy-relief-station.lovable.app/cover-guide?artist=b-b-king&song=the-thrill-is-gone,切ないビブラートとタメの効いた間が、失恋の哀愁を極限まで引き立てる。
B 秋に合う,あなただけを,あおい輝彦,1976,切ない,https://joy-relief-station.lovable.app/cover-guide?artist=teruhiko-aoi&song=anata-dake-o,アコースティックギターの音色と、甘く切ない歌声が青春を呼び起こす。
B 秋に合う,Hotline Bling,Drake,2015,切ない,https://joy-relief-station.lovable.app/cover-guide?artist=drake&song=hotline-bling,独特のダンスMVが世界中でミーム化した、切ない未練を歌う浮遊ポップ
B 秋に合う,Night Rhythms,Lee Ritenour,1988,夜の,https://joy-relief-station.lovable.app/cover-guide?artist=lee-ritenour&song=night-rhythms,夜のドライブに最適。洗練されたリズムと美しいギターメロディが心地よい。
B 秋に合う,Trio - Blue In Green,Bill Evans,,夜更け,https://joy-relief-station.lovable.app/cover-guide?artist=bill-evans&song=trio-blue-in-green,音数は少ないのに、余白のすべてが語っている。夜更けにひとりで向き合いたい、青と緑のあわいを漂うバラード。
B 秋に合う,"Trio - When I Fall In Love (Take 2, Album Master)",Bill Evans,,静かな,https://joy-relief-station.lovable.app/cover-guide?artist=bill-evans&song=trio-when-i-fall-in-love-take-2-album-master,誰もが知るラブソングを、砂糖を控えた大人の甘さで。アルバムに採用されたテイクだけが持つ、静かな説得力。
B 秋に合う,Trio - My Foolish Heart,Bill Evans,,夜の,https://joy-relief-station.lovable.app/cover-guide?artist=bill-evans&song=trio-my-foolish-heart,極限まで落としたテンポで、一音一音が夜の水面に落ちる雫のように響く。世界で一番静かなラブソングかもしれない。
B 秋に合う,Love Yourself,Justin Bieber,2015,静かな,https://joy-relief-station.lovable.app/cover-guide?artist=justin-bieber&song=love-yourself,エド・シーラン共作。ギター1本で語るように歌う、辛辣で静かな別れの歌。
B 秋に合う,As It Was,Harry Styles,2022,切ない,https://joy-relief-station.lovable.app/cover-guide?artist=harry-styles&song=as-it-was,孤独と変化を軽快なシンセに乗せた、2020年代を象徴する切ないダンス曲。
B 秋に合う,Maybe Tomorrow,REBECCA,1985,切ない,https://joy-relief-station.lovable.app/cover-guide?artist=rebecca&song=maybe-tomorrow,切ないメロディと圧倒的な声量に涙する、ライブ史に残る名バラード。
B 秋に合う,STAR TOUR,Great 3,1996,切ない,https://joy-relief-station.lovable.app/cover-guide?artist=great-3&song=star-tour,切ないメロディと浮遊感あるギターが混ざり合う、90年代の空気感を象徴する名曲。
B 秋に合う,DISCOMAN,Great 3,,切ない,https://joy-relief-station.lovable.app/cover-guide?artist=great-3&song=discoman,ミラーボールを回しながら、どこか醒めている。踊れるのに切ない、大人のためのディスコチューン。
B 秋に合う,Quincy,Great 3,,夜の,https://joy-relief-station.lovable.app/cover-guide?artist=great-3&song=quincy,軽やかなグルーヴの下に、ソウルへの深い愛情が透けて見える。夜のドライブの相棒にちょうどいい。
B 秋に合う,IMA,Da-iCE,2022,切ない,https://joy-relief-station.lovable.app/cover-guide?artist=da-ice&song=ima,花村想太が作詞作曲を担当。今の関係を大切にしたいと願う切ないラブソング。
B 秋に合う,よこはま・たそがれ,五木ひろし,1971,たそがれ,https://joy-relief-station.lovable.app/cover-guide?artist=hiroshi-itsuki-90s&song=yokohama-tasogare,70年代の名曲だが90年代のカバー再検証でも輝く、歌謡界の至宝。
B 秋に合う,The Recipe,SiR,2018,深夜,https://joy-relief-station.lovable.app/cover-guide?artist=sir&song=the-recipe,Masegoのサックスと絡み合う、気だるくも都会的な深夜のR&B。
B 秋に合う,Everything I Own,Bread,1972,切ない,https://joy-relief-station.lovable.app/cover-guide?artist=bread&song=everything-i-own,亡き父への想いを歌った切ない名曲。繊細なボーカルと美しい旋律が心に響く。
B 秋に合う,FOREVER MINE,山下達郎 (バラード名演選),2005,切ない,https://joy-relief-station.lovable.app/cover-guide?artist=tatsuro-yamashita-ballads&song=forever-mine,映画『東京タワー』主題歌。重厚な一人多重コーラスと切ないファルセットが胸を打つ。
B 秋に合う,PAPER DOLL,山下達郎 (バラード名演選),1978,静かな,https://joy-relief-station.lovable.app/cover-guide?artist=tatsuro-yamashita-ballads&song=paper-doll,都会の孤独を歌ったクールな一曲。緊張感のあるギターと静かな熱量が同居する名演。
B 秋に合う,駅,竹内まりや (物語選),1987,切ない,https://joy-relief-station.lovable.app/cover-guide?artist=mariya-takeuchi-extended&song=eki,切ない再会を描いた短編映画のような叙情詩。中森明菜への提供曲。
B 秋に合う,水割り,山崎ハコ,1982,切ない,https://joy-relief-station.lovable.app/cover-guide?artist=hako-yamasaki&song=mizuna,切ない孤独を歌うハコの真骨頂。グラスを回す氷の音が聞こえるような叙情歌。
B 秋に合う,君を忘れない,松山千春,1996,切ない,https://joy-relief-station.lovable.app/cover-guide?artist=chiharu-matsuya&song=kimitoshite-ikite-yuku,ドラマ主題歌として有名。切ない愛の終焉を力強く歌い上げる魂の熱唱が魅力。
B 秋に合う,ラブ・ストーリーは突然に,小田和正,1991,切ない,https://joy-relief-station.lovable.app/cover-guide?artist=kazumasa-oda&song=love-story-wa-totsuzen-ni,90年代を象徴するイントロ。透き通るハイトーンボイスが切ない。
B 秋に合う,さよならは 言わない,小田和正,2009,寂し,https://joy-relief-station.lovable.app/cover-guide?artist=kazumasa-oda&song=sayonara-wa-iwanai,ドラマ主題歌。ピアノの旋律に乗せて、別れの寂しさを超えた絆を歌う名曲。
B 秋に合う,喜歡你,BEYOND,1988,切ない,https://joy-relief-station.lovable.app/cover-guide?artist=beyond&song=always-loving-you,ハスキーな歌声が魅力的な、甘く切ない珠玉のラブバラード。
B 秋に合う,｢最果てにて｣,中村一義,,寂し,https://joy-relief-station.lovable.app/cover-guide?artist=kazuyoshi-nakamura&song=最果てにて,最果て、という言葉の寂しさを、旋律の美しさが静かに包み込む。ひとりで迎える夜に、そっと寄り添ってくれる。
B 秋に合う,〝最果てにて〟,中村一義,,静かな,https://joy-relief-station.lovable.app/cover-guide?artist=kazuyoshi-nakamura&song=最果てにて-2,静かな出だしから、少しずつ体温が上がっていく。行き止まりではなく始まりの歌なのだと、聴くほどに分かる。
B 秋に合う,Coffeemilk Crazy / コーヒーミルク・クレイジー (Remastered 2006),FLIPPER'S GUITAR,,コーヒー,https://joy-relief-station.lovable.app/cover-guide?artist=flipper-s-guitar&song=coffeemilk-crazy-コーヒーミルク-クレイシ-ー-remastered-2006,
B 秋に合う,メトロノーム,SHE IS SUMMER,2016,切ない,https://joy-relief-station.lovable.app/cover-guide?artist=she-is-summer&song=metronome,切ないメロディとMICOの透明感ある歌声が響く、初期の代表曲です。
B 秋に合う,泣きじゃくればいいさ,DENIMS,2022,切ない,https://joy-relief-station.lovable.app/cover-guide?artist=denims&song=denims-crying-night,切ないアルペジオから始まり、エモーショナルに展開する泣きのギターが圧巻。
B 秋に合う,Night River,SPAWN / 角舘健悟,2021,夜の,https://joy-relief-station.lovable.app/cover-guide?artist=yogee-new-waves-not-here-but-polaris&song=night-river,穏やかなカッティングに乗せて夜の静寂を歌い上げる、ソロを象徴するメロウな楽曲
B 秋に合う,卒業-GRADUATION-,菊池桃子,1985,切ない,https://joy-relief-station.lovable.app/cover-guide?artist=tetsuji-hayashi-work&song=graduation,切ないウィスパーボイスが際立つ、オリコン1位を獲得した初期の重要曲。
B 秋に合う,Blind Curve,菊池桃子,1984,夜の,https://joy-relief-station.lovable.app/cover-guide?artist=tetsuji-hayashi-work&song=blind-curve,林哲司による洗練されたシティポップ。都会的な夜のドライブに似合う名曲。
B 秋に合う,Open,Rhye,,夜の,https://joy-relief-station.lovable.app/cover-guide?artist=rhye&song=open,柔らかな歌声と余白の多い演奏。夜の親密さを丁寧に作る。
B 秋に合う,Open,Rhye,2013,夜の,https://joy-relief-station.lovable.app/cover-guide?artist=rhye&song=open,性別不詳の美声に心奪われる。センシュアルで儚い夜の音楽。
B 秋に合う,3 Days,Rhye,2013,切ない,https://joy-relief-station.lovable.app/cover-guide?artist=rhye&song=3-days,1stアルバム収録の隠れた名曲。切ないファルセットが静かな夜の孤独に寄り添う。
B 秋に合う,詞遠 - 月夜の僕ら Shion - Moonlight Serenade,SION,,夜の,https://joy-relief-station.lovable.app/cover-guide?artist=sion&song=詞遠-月夜の僕ら-shion-moonlight-serenade,
B 秋に合う,夕焼けの歌,神聖かまってちゃん,2010,夕焼け,https://joy-relief-station.lovable.app/cover-guide?artist=shinsei-kamattechan&song=yuyake-no-uta,笑いながら聴いていたはずが、終わる頃には目のあたりが熱い。厄介さと優しさが同居した一曲。
B 秋に合う,23才の夏休み,神聖かまってちゃん,2011,寂し,https://joy-relief-station.lovable.app/cover-guide?artist=shinsei-kamattechan&song=23-no-natsuyasumi,誰の青春にもあった気がする狂騒と寂しさ。
B 秋に合う,コーヒーブルース,高田渡,1971,コーヒー,https://joy-relief-station.lovable.app/cover-guide?artist=takada-wataru&song=coffee-blues,三角公園の喫茶店を探して。京都・大阪の風景がにじむ朝の一曲。
B 秋に合う,珈琲不演唱（コーヒーブルース）,高田渡,,珈琲,https://joy-relief-station.lovable.app/cover-guide?artist=takada-wataru&song=珈琲不演唱-コーヒーフ-ルース,
B 秋に合う,A LOVE SONG,EGO-WRAPPIN',2001,切ない,https://joy-relief-station.lovable.app/cover-guide?artist=ego-wrappin&song=a-love-song,スカのリズムに乗せた切ない歌声が響く、ライブの最後を飾る大定番曲
B 秋に合う,サニーサイドメロディー,EGO-WRAPPIN',2014,余韻,https://joy-relief-station.lovable.app/cover-guide?artist=ego-wrappin&song=neon-sign-stomp,ドラマ「リバースエッジ 大川端探偵社」の温かい余韻を残すエンディング
B 秋に合う,Only A Fool,Mighty Sparrow,1966,切ない,https://joy-relief-station.lovable.app/cover-guide?artist=mighty-sparrows&song=only-a-fool,ジャパレゲ界でも愛される名旋律。甘く切ないカリプソ・バラードの決定版。
B 秋に合う,LOVE涙色,松浦亜弥,2001,切ない,https://joy-relief-station.lovable.app/cover-guide?artist=matsura-aya&song=love-namidairo,切ない恋心を伸びやかに歌う、彼女の高い歌唱能力が光る一曲。
B 秋に合う,100回のKISS,松浦亜弥,2001,切ない,https://joy-relief-station.lovable.app/cover-guide?artist=matsura-aya&song=the-real-100-plus-one,切ないメロディを歌い上げる歌唱力が光る、冬の定番バラード。
B 秋に合う,U & Moonlight,PYRAMID,2018,夜の,https://joy-relief-station.lovable.app/cover-guide?artist=piramid&song=u-and-moonlight,夜のドライブに最適な、極上のAORサウンドを現代に体現。
B 秋に合う,エイリアンズ,堀込泰行 / キリンジ,2000,切ない,https://joy-relief-station.lovable.app/cover-guide?artist=eichi-puck-koshigaya&song=aliens,切ないメロディが胸を打つ、2000年代を代表する至高の名曲。
B 秋に合う,グッデイ・グッバイ,堀込泰行 / キリンジ,2000,切ない,https://joy-relief-station.lovable.app/cover-guide?artist=eichi-puck-koshigaya&song=good-old-days,日常の何気ない景色の移ろいを、爽快でどこか切ない旋律が鮮やかに彩る。
B 秋に合う,占い,ラバーガール,2023,静かな,https://joy-relief-station.lovable.app/cover-guide?artist=rubber-girl&song=fortune-telling,大水のとぼけたキャラクターが炸裂する、静かなる爆笑。
B 秋に合う,映画館,ラバーガール,2015,静かな,https://joy-relief-station.lovable.app/cover-guide?artist=rubber-girl&song=movie-theater,予告編や上映中のマナーを題材に、ラバーガールらしい静かな狂気が炸裂するネタ。
B 秋に合う,おさら,さらば青春の光,2017,切ない,https://joy-relief-station.lovable.app/cover-guide?artist=saraba-seishun-no-hikari&song=osara-school,切ない合唱曲風だが、歌詞が進むにつれ狂気とおかしみが込み上げる名曲。
B 秋に合う,赤えんぴつ / 誕生,バナナマン,2001,切ない,https://joy-relief-station.lovable.app/cover-guide?artist=bananaman&song=the-scarlet-check,フォークデュオに扮した歌ネタ。切ないメロディとバカバカしい歌詞のギャップが秀逸。
B 秋に合う,Loser,バナナマン,2011,切ない,https://joy-relief-station.lovable.app/cover-guide?artist=bananaman&song=lesson-c,長尺コント。負け犬たちの切ない会話劇から、二人の演技力の高さと構成美が堪能できる。
B 秋に合う,A Song For You,Leon Russell,1970,切ない,https://joy-relief-station.lovable.app/cover-guide?artist=leon-russell&song=a-song-for-you,多くの歌手にカバーされた不朽の名曲。切ないピアノとハスキーな歌声が胸を打つ。
B 秋に合う,Lady Blue,Leon Russell,1975,黄昏,https://joy-relief-station.lovable.app/cover-guide?artist=leon-russell&song=lady-blue,甘く心地よいミディアム・スロウ。夏の終わりのような黄昏た雰囲気が漂う名演。
B 秋に合う,Hurt,Christina Aguilera,2006,静かな,https://joy-relief-station.lovable.app/cover-guide?artist=christina-aguilera&song=hurt,亡き父への想いを歌う。静かな導入から絶叫に近いサビまで、圧巻の声量で感情を揺さぶる。
B 秋に合う,22才の別れ,南こうせつとかぐや姫,1974,寂し,https://joy-relief-station.lovable.app/cover-guide?artist=minami-kosetsu&song=22-sai-no-wakare,伊勢正三の繊細な詞が光るフォークの名曲。寂しげなギターの旋律が胸を打つ。
B 秋に合う,帰り道,南こうせつとかぐや姫,1973,帰り道,https://joy-relief-station.lovable.app/cover-guide?artist=minami-kosetsu&song=kaerimichi,日常の風景を切り取った素朴な歌詞。メンバーの美しいコーラスワークが堪能できる。
B 秋に合う,夏の終り,キャロル,1974,切ない,https://joy-relief-station.lovable.app/cover-guide?artist=carol&song=natsu-no-owari,荒々しさの裏にあるメロウなセンスが光る、切ないバラードの名曲。
B 秋に合う,悲しきテディ・ボーイ,キャロル,1974,切ない,https://joy-relief-station.lovable.app/cover-guide?artist=carol&song=kanashiki-terry,切ないメロディと甘い歌声が光る、リーゼントの不良たちの純愛バラード。
B 秋に合う,0時の終列車,キャロル,1974,夜の,https://joy-relief-station.lovable.app/cover-guide?artist=carol&song=0-ji-no-shuen,ブルース調の哀愁漂うギターフレーズが、別れの夜の静かな情熱を描き出す。
B 秋に合う,愛する人はひとり,尾崎紀世彦,1971,ひとり,https://joy-relief-station.lovable.app/cover-guide?artist=ozaki-kiyohiko&song=it-is-so-hard-to-say-goodbye,筒美京平作曲。アップテンポなリズムに乗る、伸びやかで力強い歌声が心地よい。
B 秋に合う,倒帶 (Rewind),Jolin Tsai,2004,切ない,https://joy-relief-station.lovable.app/cover-guide?artist=jolin-tsai-tw&song=shame-on-you,ジェイ・チョウ作曲の切ないバラード。ライブでは観客の合唱が響き渡る。
B 秋に合う,白い奇蹟,Seikima-II,1989,切ない,https://joy-relief-station.lovable.app/cover-guide?artist=seikima-ii&song=white-ballad,激しいメタルとは対照的な、美しく切ない旋律が胸を打つ究極のパワーバラード曲。
B 秋に合う,幽霊東京,Ayase,2019,切ない,https://joy-relief-station.lovable.app/cover-guide?artist=yoasobi-ayase&song=yurei-tokyo,切ないメロディとシティポップ的な洗練を感じさせる、ボカロ界屈指の泣きメロ曲。
B 秋に合う,飽和,Ayase,2022,切ない,https://joy-relief-station.lovable.app/cover-guide?artist=yoasobi-ayase&song=saturator,切ない別れを歌ったバラード。繊細なピアノと情緒的なボーカルが涙を誘う名曲。
B 秋に合う,夜を撫でる、腕を撫でる,Ayase,2021,夜の,https://joy-relief-station.lovable.app/cover-guide?artist=yoasobi-ayase&song=yoru-wo-naderu-and-te-wo-tadatayou,優しく包み込むようなミドルテンポの一曲。夜の静寂に溶け込むような穏やかさが魅力。
B 秋に合う,春の嵐,bonobos,2011,静かな,https://joy-relief-station.lovable.app/cover-guide?artist=bonobos&song=spring-revisit,静かな出だしから感情を揺さぶる壮大なラストへ向かう、叙情的な名バラード。
B 秋に合う,Purple Hills,喜多嶋修,1976,夜の,https://joy-relief-station.lovable.app/cover-guide?artist=osamu-sho-kitajima&song=osamu-kitajima-purple-hills,シンセサイザーと尺八が共鳴する、ニューエイジ前夜の美しい情景描写。
B 秋に合う,街のドルフィン,濱田金吾,1982,夜の,https://joy-relief-station.lovable.app/cover-guide?artist=kingo-hamada&song=machino-dolce-vita,浮遊感のあるシンセと都会的なサウンド。夜の静寂に似合う名曲。
B 秋に合う,Midnight Cruisin',濱田金吾,1982,深夜,https://joy-relief-station.lovable.app/cover-guide?artist=kingo-hamada&song=midnight-cruisin,タイトルそのままに、深夜のハイウェイを走るような疾走感。
B 秋に合う,Crystal Night,濱田金吾,1982,切ない,https://joy-relief-station.lovable.app/cover-guide?artist=kingo-hamada&song=crystal-night,切ないメロディと洗練された打ち込みが光る AOR路線の極致。
B 秋に合う,Rainy Heart,濱田金吾,1985,夜の,https://joy-relief-station.lovable.app/cover-guide?artist=kingo-hamada&song=rainy-heart,雨をテーマにしたアーバンな一曲。夜のドライブに馴染む名作。
B 秋に合う,真夜中のテニスコート,濱田金吾,1981,夜の,https://joy-relief-station.lovable.app/cover-guide?artist=kingo-hamada&song=may-yon-naka-no-tennis-court,松本隆の作詞が光る。青い夜の世界観を見事に描いた名バラード。
B 秋に合う,Time,アラン・パーソンズ・プロジェクト,1980,静かな,https://joy-relief-station.lovable.app/cover-guide?artist=alan-parsons-project&song=time-app,儚く美しいバラード。AORの枠を超えて心に響く静かな名曲。
B 秋に合う,Jealous Guy,John Lennon,1971,切ない,https://joy-relief-station.lovable.app/cover-guide?artist=john-lennon&song=jealous-guy,切ない口笛のメロディと、過去の嫉妬を悔いる誠実な歌詞が胸を打つ名曲。
B 秋に合う,Dreaming Driving,moumoon,2012,夜の,https://joy-relief-station.lovable.app/cover-guide?artist=moumoon&song=dreaming-driving,タイトル通り、夜のハイウェイを走るような疾走感と浮遊感。
B 秋に合う,Blue,鈴木真海子,2017,静かな,https://joy-relief-station.lovable.app/cover-guide?artist=mariya-suzuki&song=blue,透明感のある歌声が際立ち、日常の静かな憂鬱を肯定してくれる一曲
B 秋に合う,GET BACK IN LOVE,山下達郎 (AOR/LP),1988,切ない,https://joy-relief-station.lovable.app/cover-guide?artist=tetsuro-yamashita&song=get-back-in-love,切ないメロディとスケール感のある管弦楽器が融合した、達郎バラードの最高峰。
B 秋に合う,You're Only Lonely,J.D. Souther,1979,切ない,https://joy-relief-station.lovable.app/cover-guide?artist=j-d-souther&song=you-re-only-lonely,甘く切ないボーカルが寄り添う、都会派ウェストコースト。
B 秋に合う,If You Don't Want My Love,J.D. Souther,1979,静かな,https://joy-relief-station.lovable.app/cover-guide?artist=j-d-souther&song=if-you-dont-want-my-love,静かなアコースティック演奏に、彼の繊細で透明感のある歌声が際立つ隠れた名曲。
B 秋に合う,New Kid In Town,J.D. Souther,1976,ひとり,https://joy-relief-station.lovable.app/cover-guide?artist=j-d-souther&song=new-kid-in-town,イーグルスの全米1位曲の生みの親のひとりが、このJ.D.サウザー。サビだけ書いて持て余していた原案を、ヘンリー、フライと3人で仕上げた顛末を思って聴きたい。
B 秋に合う,Lo Yada'at Ba'eretz,Matti Caspi,1974,切ない,https://joy-relief-station.lovable.app/cover-guide?artist=matti-caspi&song=lo-yada-at-ba-eretz,切ないメロディと複雑な和声が絡み合う、イスラエル音楽の極致的な名曲です。
B 秋に合う,Still,Commodores,1979,しっとり,https://joy-relief-station.lovable.app/cover-guide?artist=commodores&song=still,ライオネルの才能が光る、しっとりと泣かせる美しいソウルバラード。
B 秋に合う,Come On Little Girl,The Melodians,1968,切ない,https://joy-relief-station.lovable.app/cover-guide?artist=the-melodians&song=come-on-little-girl,甘く切ないボーカルワークが光る、トレジャー・アイル期の傑作。
B 秋に合う,You Don't Need Me,The Melodians,1968,切ない,https://joy-relief-station.lovable.app/cover-guide?artist=the-melodians&song=you-dont-need-me,切ないメロディとコーラス美が際立つ、珠玉のロックステディ。
B 秋に合う,Look Over Your Shoulder,John Holt,1968,切ない,https://joy-relief-station.lovable.app/cover-guide?artist=john-holt&song=look-over-your-shoulder,ロックステディ期を象徴する、甘く切ない極上の美声が響く名曲。
B 秋に合う,黄昏'95〜太陽の季節,TOKYO No.1 SOUL SET,1995,黄昏,https://joy-relief-station.lovable.app/cover-guide?artist=tokyo-no-1-soul-set&song=jiyuu-no-machi,都会の夕暮れ、メランコリー。ジャンルを越境したヒップホップ。
B 秋に合う,SUNDAY,TOKYO No.1 SOUL SET,1998,静かな,https://joy-relief-station.lovable.app/cover-guide?artist=tokyo-no-1-soul-set&song=sunday,浮遊感あふれるトラック。静かな日曜に溶け込むような名曲。
B 秋に合う,hard to say,Crystal Kay,2002,切ない,https://joy-relief-station.lovable.app/cover-guide?artist=utada-hikaru-rivals&song=hard-to-say,切ないメロディが際立つ、彼女の歌唱力が評価された初期の代表曲
B 秋に合う,銀河と迷路,東京スカパラダイスオーケストラ,2003,夜の,https://joy-relief-station.lovable.app/cover-guide?artist=tokyoska-paradise-orchestra&song=utau-inu,心地よいリズムとホーン隊の音色が夜の街に溶け出す
B 秋に合う,Spend My Life with You,Eric Benét,1999,切ない,https://joy-relief-station.lovable.app/cover-guide?artist=eric-benet&song=spend-my-life-with-you,タミアとの極上デュエット。甘く切ないR&B愛の金字塔。
B 秋に合う,Dulfer Beach,Candy Dulfer,2003,夕暮れ,https://joy-relief-station.lovable.app/cover-guide?artist=candy-dulfer&song=dulfer-beach,夕暮れの海辺を思わせるメロウで心地よいスムース・ジャズ。
B 秋に合う,Somersault,Zero 7,2004,夕暮れ,https://joy-relief-station.lovable.app/cover-guide?artist=zero-7&song=somersault,Siaの澄んだ歌声が響く、夕暮れ時に最適な美メロ・チルアウト。
B 秋に合う,恋人,氣志團,2002,切ない,https://joy-relief-station.lovable.app/cover-guide?artist=kishidan&song=koibito,初期からの人気を誇る、切ない青春の情景を歌い上げた名バラード。
B 秋に合う,つよがり,中川翔子,2011,切ない,https://joy-relief-station.lovable.app/cover-guide?artist=shoko-nakagawa&song=tsuyogari,「べるぜバブ」ED。切ないメロディが響くロックバラード。
B 秋に合う,circus,showmore,2017,夜の,https://joy-relief-station.lovable.app/cover-guide?artist=showmore&song=circus,夜の帳を下ろすようなピアノのイントロ。憂いを帯びた都会の夜の讃歌。
B 秋に合う,Night Life,麻田マモル,1980,夜の,https://joy-relief-station.lovable.app/cover-guide?artist=mariya-asada&song=asada-mamoru-night-life,夜の街を彷彿とさせる、グルーヴィーなカッティングが光る名曲。
B 秋に合う,モノローグ,具島直子,1996,夜の,https://joy-relief-station.lovable.app/cover-guide?artist=naoko-gushima&song=monologue,都会の静寂に溶け込む上質なR&Bサウンド。夜のひとり時間に。
B 秋に合う,mellow medicine,具島直子,1999,夜の,https://joy-relief-station.lovable.app/cover-guide?artist=naoko-gushima&song=mellow-medicine,90sジャパニーズR&Bの金字塔。洗練された都会的夜の情景。
B 秋に合う,no more...いたいの,具島直子,1999,切ない,https://joy-relief-station.lovable.app/cover-guide?artist=naoko-gushima&song=no-more-itai-no,切ないメロディとウィスパーボイスが重なるチルアウトの名曲。
B 秋に合う,Mellow Summer,陣内孝則,1984,夕暮れ,https://joy-relief-station.lovable.app/cover-guide?artist=takanori-jinnai&song=mellow-summer,甘くハスキーな歌声がビーチサイドの夕暮れを優しく彩ります。
B 秋に合う,Look of Love,陣内孝則,1982,切ない,https://joy-relief-station.lovable.app/cover-guide?artist=takanori-jinnai&song=look-of-love,切ないメロディが際立つ、俳優業と並行したソロ初期の佳曲。
B 秋に合う,Slow Dancer,陣内孝則,1982,深夜,https://joy-relief-station.lovable.app/cover-guide?artist=takanori-jinnai&song=slow-dancer,都会的で、少しだけ気取ったアレンジ。深夜のドライブに余計な説明なしで馴染む。
B 秋に合う,All Through The Night,陣内孝則,1984,夜の,https://joy-relief-station.lovable.app/cover-guide?artist=takanori-jinnai&song=all-through-the-night,夜の静寂を感じさせるバラード。表現力豊かな歌唱が魅力。
B 秋に合う,BLUE NIGHT BLUE,織田哲郎,1984,夜の,https://joy-relief-station.lovable.app/cover-guide?artist=tetsuro-oda&song=blue-night-blue,憂いを含んだメロディ。夜の静寂に似合うクールなAORサウンド。
B 秋に合う,僕のすべてを譲るよ,織田哲郎,1994,切ない,https://joy-relief-station.lovable.app/cover-guide?artist=tetsuro-oda&song=boku-no-subete-wo-yuzuru-yo,切ないメロディが際立つ、織田哲郎流バラードの最高傑作。
B 秋に合う,You Know You Know,Mahavishnu Orchestra,1971,静かな,https://joy-relief-station.lovable.app/cover-guide?artist=mahavishnu-orchestra&song=you-know-you-know,静かな空間美の中に潜む、鋭いインプロヴィゼーションが魅力。
B 秋に合う,熱帶雨林,S.H.E,2002,切ない,https://joy-relief-station.lovable.app/cover-guide?artist=sns&song=tropical-rain-forest,Jay Chouが作曲した切ないバラード。高い歌唱力が光る名曲。
B 秋に合う,Sugarless GiRL,カプセル,2007,夜の,https://joy-relief-station.lovable.app/cover-guide?artist=capsule-official&song=sugarless-girl,エレクトロへと舵を切った転換点。洗練された都会の夜の音。
B 秋に合う,運命,Tani Yuuki,2022,切ない,https://joy-relief-station.lovable.app/cover-guide?artist=tani-yuuki&song=unmei,切ないメロディとリリックが胸を打つ、珠玉のバラード曲。
B 秋に合う,Horizon,PAELLAS,2019,切ない,https://joy-relief-station.lovable.app/cover-guide?artist=paellas&song=horizon,切ないメロディと浮遊感のあるトラックが心地よい都会的な一曲。
B 秋に合う,Unknown,Friday Night Plans,2020,夜の,https://joy-relief-station.lovable.app/cover-guide?artist=friday-night-plans&song=unknown,オルタナティブR&Bの要素を含む、夜のしじまに溶けるサウンド。
B 秋に合う,HIGH WAY,Friday Night Plans,2020,深夜,https://joy-relief-station.lovable.app/cover-guide?artist=friday-night-plans&song=high-way,深夜のドライブに最適なアーバンで心地よいグルーヴ感。
B 秋に合う,そして僕は途方に暮れる,大沢誉志幸,1984,暮れ,https://joy-relief-station.lovable.app/cover-guide?artist=yoshiyuki-osawa&song=soshite-boku-wa-toho-ni-kureru,銀色夏生とのタッグが生んだ、80年代を象徴するスタイリッシュ・悲恋歌。
B 秋に合う,午前零時のNO SIDE,大沢誉志幸,1983,切ない,https://joy-relief-station.lovable.app/cover-guide?artist=yoshiyuki-osawa&song=go-zen-reiji-no-no-side,切ないメロディが光る、80年代シティポップ初期の傑作。
B 秋に合う,大澤誉志幸 - そして僕は途方に暮れる(25th Ver.),大沢誉志幸,,暮れ,https://joy-relief-station.lovable.app/cover-guide?artist=yoshiyuki-osawa&song=大澤誉志幸-そして僕は途方に暮れる-25th-ver,
B 秋に合う,スノッブな夜へ,国分友里恵,1983,夜の,https://joy-relief-station.lovable.app/cover-guide?artist=yurie-kokubu&song=relief-72-hours,林哲司プロデュース。夜の街へ出ていく数分前、いちばん気分が上がっている時間の音。
B 秋に合う,恋の横顔,国分友里恵,1983,しっとり,https://joy-relief-station.lovable.app/cover-guide?artist=yurie-kokubu&song=love-song-kokubu,しっとり濡れたボーカルが魅力。雨の都会を思わせるメロウ・バレット。
B 秋に合う,深海へのまなざし,ジャンク フジヤマ,2022,切ない,https://joy-relief-station.lovable.app/cover-guide?artist=nanako-sato-dummy&song=shin-e-no-manazashi,AOR的なメロウさと技巧的なカッティング、切ないメロディが融合。
B 秋に合う,DAWN TOWN,ジャンク フジヤマ,2010,夜の,https://joy-relief-station.lovable.app/cover-guide?artist=nanako-sato-dummy&song=dawn-town,夜の街をドライブしたくなるような洗練されたアーバン・サウンド。
B 秋に合う,Who Are You?,芳野藤丸,1982,夜の,https://joy-relief-station.lovable.app/cover-guide?artist=gi-do&song=who-are-you,カッティングだけで夜の高速道路が見えてくる。和製AORがいちばん洗練されていた頃の手つき。
B 秋に合う,So Sick,Ne-Yo,2006,切ない,https://joy-relief-station.lovable.app/cover-guide?artist=ne-yo&song=so-sick,切ないメロディラインと繊細な歌声が融合した、00年代の金字塔。
B 秋に合う,Mad,Ne-Yo,2008,切ない,https://joy-relief-station.lovable.app/cover-guide?artist=ne-yo&song=mad,切ないメロディが胸を打つ、2000年代R&Bを象徴する名曲。
B 秋に合う,Somebody Else,The 1975,2016,切ない,https://joy-relief-station.lovable.app/cover-guide?artist=the-1975&song=somebody-else,切ない心理描写と浮遊感のあるシンセ音が心に深く沈み込む。
B 秋に合う,Robbers,The 1975,2013,切ない,https://joy-relief-station.lovable.app/cover-guide?artist=the-1975&song=robbers,初期の名盤を象徴する、エモーショナルで切ないロックバラード
B 秋に合う,"6, 8, 12",Brian McKnight,2000,切ない,https://joy-relief-station.lovable.app/cover-guide?artist=brian-mcknight&song=6-8-12,切ないメロディが胸を打つ、2000年代屈指の失恋バラード。
B 秋に合う,The Only One for Me,Brian McKnight,1997,ひとり,https://joy-relief-station.lovable.app/cover-guide?artist=brian-mcknight&song=the-only-one-for-me,自分の声を何層にも重ねたコーラス。ひとりで合唱団をやってしまう贅沢な数分。
B 秋に合う,Broken (feat. Amy Lee),Seether,2004,切ない,https://joy-relief-station.lovable.app/cover-guide?artist=seether&song=broken,痛みを分かち合う究極のデュエット。切ないメロディが涙を誘う。
B 秋に合う,Baby Blue,シトラス,1997,切ない,https://joy-relief-station.lovable.app/cover-guide?artist=citrus&song=citrus-baby-blue,90年代渋谷系の精神を継承、淡く切ないメロディが魅力の代表曲
B 秋に合う,悲しいときに微笑む花,ハイ・ポジ,1998,切ない,https://joy-relief-station.lovable.app/cover-guide?artist=hi-posi&song=kanashi-tokini-hoho-emu-hana,優しくて少し切ない、日常の隙間に寄り添うような名メロディ。
B 秋に合う,深愛,水樹奈々,2009,切ない,https://joy-relief-station.lovable.app/cover-guide?artist=mizuki-nana&song=deep-resonance,紅白歌合戦初出場曲。父への想いを込めた至極の切ないメロディ。
B 秋に合う,Together,MONKEY MAJIK,2008,切ない,https://joy-relief-station.lovable.app/cover-guide?artist=monkey-majik&song=together,CMタイアップで話題を呼んだ初期の切ない名バラード
B 秋に合う,たそがれ,山根麻衣,1980,たそがれ,https://joy-relief-station.lovable.app/cover-guide?artist=mai-yamane&song=tasogare,海外DJがこぞって回す逸品。艶のあるボーカルに心奪われます。
B 秋に合う,君のハートはマリンブルー,S. Kiyotaka & Omega Tribe,1984,切ない,https://joy-relief-station.lovable.app/cover-guide?artist=kiyotaka-sugiyama-omega-tribe&song=kimi-no-heart-wa-marine-blue,透き通る歌声と切ないメロディ。日本の夏を象徴する一曲。
B 秋に合う,ALONE AGAIN,S. Kiyotaka & Omega Tribe,1985,切ない,https://joy-relief-station.lovable.app/cover-guide?artist=kiyotaka-sugiyama-omega-tribe&song=alone-again,切ないメロディが胸を打つ、バンド末期の洗練された名曲。
B 秋に合う,Rainy Driver,Hitomi Tohyama,1983,夜の,https://joy-relief-station.lovable.app/cover-guide?artist=hitomi-tohoyama&song=rainy-driver,哀愁漂うシティポップ。雨の夜のドライブに最適な一曲。 
B 秋に合う,夏のクラクション,Junichi Inagaki,1983,切ない,https://joy-relief-station.lovable.app/cover-guide?artist=juni-ichi-inagaki&song=natsu-no-claxon,別れを告げる夏の終わりの情景。ハイトーンボイスが切ない。
B 秋に合う,サヨナラと言えない,Junichi Inagaki,1990,切ない,https://joy-relief-station.lovable.app/cover-guide?artist=juni-ichi-inagaki&song=sayonara-no-pari-wa-nagaku,切ないメロディが涙を誘う。90年代の活動を象徴するバラード曲。
B 秋に合う,W.O.L.D.,Harry Chapin,1973,深夜,https://joy-relief-station.lovable.app/cover-guide?artist=harry-chapin&song=w-o-l-d,深夜ラジオのDJが、家庭も居場所も失っていく物語。軽快なリズムなのに、聴き終わると重い。
B 秋に合う,Suddenly Missing You,Mayday,2008,切ない,https://joy-relief-station.lovable.app/cover-guide?artist=mayday&song=suddenly-missing-you,台湾を代表するバンドの切ない恋心を描いた国民的人気バラード。
B 秋に合う,エスターテ,シャーリー・ホーン,1991,余韻,https://joy-relief-station.lovable.app/cover-guide?artist=shirley-horn&song=estate,究極のスロー・テンポ。溜めのある表現がジャジーな余韻を残します。
B 秋に合う,Ocean Side,Pictured Resort,2021,寂し,https://joy-relief-station.lovable.app/cover-guide?artist=poly&song=ocean-side,夏の終わりの寂しさと美しさを表現した隠れた名演。
B 秋に合う,TOKYO,Nulbarich,2020,夜の,https://joy-relief-station.lovable.app/cover-guide?artist=nulbarich&song=tokyo,チルアウトな夜の雰囲気とJ-POP的歌メロが光る人気曲。
B 秋に合う,夏のクラクション,稲垣潤一,1983,切ない,https://joy-relief-station.lovable.app/cover-guide?artist=toshitaro&song=shunatsu-no-monologue,切ないハイトーンが響く、夏を象徴する究極のシティポップ。
B 秋に合う,All Out of Love,エア・サプライ,1980,切ない,https://joy-relief-station.lovable.app/cover-guide?artist=air-supply&song=all-out-of-love,彼ら最大のヒット曲。美しい旋律と切ない高音は必聴の永遠の名曲。
B 秋に合う,あんなに一緒だったのに,梶浦由記,2003,切ない,https://joy-relief-station.lovable.app/cover-guide?artist=yuki-kajiura&song=anna-ni-issho-datta-no-ni,ガンダムSEED。切ない旋律とコーラスワークが胸を刺す名曲。
B 秋に合う,She Cracked,The Modern Lovers,1976,夜の,https://joy-relief-station.lovable.app/cover-guide?artist=the-modern-lovers&song=she-cracked,ベルベット・アンダーグラウンド直系の疾走感溢れるパンク前夜の傑作
B 秋に合う,Old World,The Modern Lovers,1976,切ない,https://joy-relief-station.lovable.app/cover-guide?artist=the-modern-lovers&song=old-world,過去を愛惜する切ない歌詞と初期バンド特有のミニマルな演奏が秀逸
B 秋に合う,Feeling Yourself Disintegrate,The Flaming Lips,1999,切ない,https://joy-relief-station.lovable.app/cover-guide?artist=the-flaming-lips&song=feeling-yourself-disintegrate,美しくも切ない死生観が漂う、サイケデリック・ロックの傑作。
B 秋に合う,Skanking Easy,オーガスタス・パブロ,1972,切ない,https://joy-relief-station.lovable.app/cover-guide?artist=augustus-pablo&song=skanking-easy,切ないメロディカの響きが際立つ、ロックステディ調の代表曲。
B 秋に合う,Power Ballad,London Elektricity,2005,夕暮れ,https://joy-relief-station.lovable.app/cover-guide?artist=london-elektricity&song=power-ballad,切なさが加速するメロディライン。夕暮れのドライブに最適な一曲。
B 秋に合う,ひとり咲き,CHAGE and ASKA,,ひとり,https://joy-relief-station.lovable.app/cover-guide?artist=chage-and-aska&song=ひとり咲き,
B 秋に合う,river /,CHAGE and ASKA,1996,静かな,https://joy-relief-station.lovable.app/cover-guide?artist=chage-and-aska&song=river,当初は軽快な曲だったが、急遽ピアノを軸にしたバラードへ作り直された1996年作。ドラマ『リスキーゲーム』の主題歌として、静かな水面のような歌が残った。
B 秋に合う,黄昏を待たずに /,CHAGE and ASKA,,黄昏,https://joy-relief-station.lovable.app/cover-guide?artist=chage-and-aska&song=黄昏を待たす-に,
B 秋に合う,Starlight Ballet,Piper,1984,夜の,https://joy-relief-station.lovable.app/cover-guide?artist=piper-band&song=starlight-ballet,夜のドライブに最適なメロウ・グルーヴ溢れる人気ナンバー。
B 秋に合う,君のハートはマリンブルー,杉山清貴,1984,切ない,https://joy-relief-station.lovable.app/cover-guide?artist=kiyotaka-sugiyama&song=kimi-no-heart-wa-marine-blue,切ないメロディが光るオメガトライブ時代の代表的ヒット曲。
B 秋に合う,グッドバイハイスクール,美波,2021,切ない,https://joy-relief-station.lovable.app/cover-guide?artist=minami-hamabe&song=goodbye-my-high-school,卒業をテーマにした切ない名曲。繊細なピアノとエモーショナルな高音が涙を誘う。
B 秋に合う,Thinkin about you,SIRUP,2020,夜の,https://joy-relief-station.lovable.app/cover-guide?artist=sirup&song=thinkin-about-you,情緒的な歌声が際立つ、夜のドライブに最適なメロウ・チューン。
B 秋に合う,エイリアンズ (キリンジ・名カバー),秦基博,2013,夜の,https://joy-relief-station.lovable.app/cover-guide?artist=hata-motohiro&song=aliens,キリンジの夜の名曲を、秦基博の声で。アコギの粒立ちと余白で、原曲の宇宙が一段静かになる。
B 秋に合う,アイ,秦基博,2010,切ない,https://joy-relief-station.lovable.app/cover-guide?artist=hata-motohiro&song=ai,切ない愛を歌い上げる、初期から根強い人気を誇る代表曲。
B 秋に合う,秦 基博×又吉直樹「ひとり言」Official Lyric Video,秦基博,,ひとり,https://joy-relief-station.lovable.app/cover-guide?artist=hata-motohiro&song=秦-基博-又吉直樹-ひとり言-official-lyric-video,
B 秋に合う,見上げてごらん夜の星を,中村八大,1963,夜の,https://joy-relief-station.lovable.app/cover-guide?artist=hachidai-nakamura&song=miagete-goran-yoru-no-hoshi-o,夜空を見上げる孤独な背中をそっと支える、日本が誇る祈りの歌。
B 秋に合う,Operator (That's Not the Way It Feels),Jim Croce,1972,切ない,https://joy-relief-station.lovable.app/cover-guide?artist=jim-croce&song=operator,切ない長距離電話の情景を描いた、彼の物語性が光る初期の傑作。
B 秋に合う,So Good at Being in Trouble,Unknown Mortal Orchestra,2013,切ない,https://joy-relief-station.lovable.app/cover-guide?artist=unknown-mortal-orchestra&song=so-good-at-being-in-trouble,切ないメロディが胸を打つ、バンド初期のサイケデリック・ソウル
B 秋に合う,Set You Free This Time,The Byrds,1965,夜更け,https://joy-relief-station.lovable.app/cover-guide?artist=the-byrds&song=set-you-free-this-time,ロンドンでポール・マッカートニーと夜更けまで騒いだ後、数時間で書かれたジーン・クラーク作。リンゴ・スターも誌面で絶賛した失恋歌。
B 秋に合う,COME BACK HOME,2NE1,2014,切ない,https://joy-relief-station.lovable.app/cover-guide?artist=2ne1&song=come-back-home,切ないメロディと重低音が響く、2014年のカムバック曲。
B 秋に合う,Catch,Kosheen,2001,切ない,https://joy-relief-station.lovable.app/cover-guide?artist=kosheen&song=catch,スリリングな高速ビートに哀感漂うメロディが乗る、切ない疾走曲。
B 秋に合う,Rusty Nails,Moderat,2009,静かな,https://joy-relief-station.lovable.app/cover-guide?artist=moderat&song=rusty-nails,緻密なビートと叙情的な旋律が交差する、静かなる激情。
B 秋に合う,Last Time,Moderat,2013,切ない,https://joy-relief-station.lovable.app/cover-guide?artist=moderat&song=last-time,Apparatの情緒的なボーカルが光る、美しくも切ない電子曲。
B 秋に合う,Here Without You,3 Doors Down,2002,切ない,https://joy-relief-station.lovable.app/cover-guide?artist=3-doors-down&song=here-without-you,切ない遠距離恋愛の情景を歌う、涙を誘う珠玉のバラード。
B 秋に合う,Man on the Moon,R.E.M.,1992,切ない,https://joy-relief-station.lovable.app/cover-guide?artist=rem&song=man-on-the-moon,盟友アンディ・カウフマンに捧げた、美しく切ない名バラード。
B 秋に合う,東京は夜の七時 (Self-Cover),野宮真貴,2013,夜の,https://joy-relief-station.lovable.app/cover-guide?artist=maki-nomiya&song=shibuya-kei-no-joou,セルフカバー。熟成された歌声で届ける21世紀の渋谷系。
B 秋に合う,YOU,ファンタスティック・プラスチック・マシーン,2006,切ない,https://joy-relief-station.lovable.app/cover-guide?artist=fantastic-plastic-machine&song=you,切ないメロディと軽快なリズムが融合した代表曲。
B 秋に合う,卒業,My Hair is Bad,2016,切ない,https://joy-relief-station.lovable.app/cover-guide?artist=my-hair-is-bad&song=graduation,椎木知仁の語りかけるような独白が突き刺さる切ない名バラード。
B 秋に合う,DEAR...again,広瀬香美,1996,切ない,https://joy-relief-station.lovable.app/cover-guide?artist=hirore-kohmi&song=deai-dakara-happily-ever-after,切ない遠距離恋愛を描いた、冬の定番バラードの名曲。
B 秋に合う,"Hello, Again 〜昔からある場所〜",My Little Lover,1995,切ない,https://joy-relief-station.lovable.app/cover-guide?artist=my-little-lover&song=hello-again-mukashi-kara-aru-basho,小林武史プロデュースの金字塔。切ない旋律が胸を打つ。
B 秋に合う,DESTINY,My Little Lover,1998,切ない,https://joy-relief-station.lovable.app/cover-guide?artist=my-little-lover&song=destiny,ドラマ主題歌として大ヒット。切ない歌詞とメロディが秀逸。
B 秋に合う,STAY WITH ME,paris match,2002,夜の,https://joy-relief-station.lovable.app/cover-guide?artist=paris-match&song=stay-with-me,洗練の極み。夜のラウンジで聴きたくなるようなアダルトな一曲。
B 秋に合う,Tuxedo Connection,当山ひとみ,1982,夜の,https://joy-relief-station.lovable.app/cover-guide?artist=hitomi-tohshiyama&song=tuxedo-connection,煌びやかな夜のパーティを感じさせる、ファンキーで洗練された一曲。
B 秋に合う,Night Lights,野力奏一,1983,夜の,https://joy-relief-station.lovable.app/cover-guide?artist=noriki&song=night-lights,夜の街を滑走するようなアーバン・メロウ・インストルメンタル。
B 秋に合う,Let Me Down (feat. Stormzy),Jorja Smith,2018,切ない,https://joy-relief-station.lovable.app/cover-guide?artist=jorja-smith&song=let-me-down,Stormzyを迎え、切ない感情をソウルフルに表現したバラード。
B 秋に合う,BLUE AND MOODY MUSIC,佐藤博,1982,深夜,https://joy-relief-station.lovable.app/cover-guide?artist=tatsuro-yamashita-produced&song=blue-and-moody-music,ウェンディ・マシューズを迎え、深夜の静寂に溶け込む極上のメロウ。
B 秋に合う,Christmas Card from a Hooker in Minneapolis,Tom Waits,1978,切ない,https://joy-relief-station.lovable.app/cover-guide?artist=tom-waits&song=waltzing-matilda,切ない嘘が胸を打つ、物語性の高いピアノ・バラードの傑作。
B 秋に合う,The Last Chance Texaco,Rickie Lee Jones,1979,夜の,https://joy-relief-station.lovable.app/cover-guide?artist=rickie-lee-jones&song=the-last-chance-texaco,夜のドライブを思わせる、映画的な雰囲気漂うドラマチックな曲。
B 秋に合う,Shine a Light,Spiritualized,1992,夜の,https://joy-relief-station.lovable.app/cover-guide?artist=spiritualized&song=shine-a-light,深い夜の静寂を照らす祈りの歌。救済にも似た響きが残ります。
B 秋に合う,Samurai,Djavan,,夜の,https://joy-relief-station.lovable.app/cover-guide?artist=djavan&song=samurai,洗練されたコード、ソウル、ブラジルのリズム。夜の都会に似合う名曲。
B 秋に合う,Oceano,Djavan,1989,切ない,https://joy-relief-station.lovable.app/cover-guide?artist=djavan&song=oceanos,ドラマ主題歌として大ヒット。切ないギターの調べと深い歌声が響く名バラード。
B 秋に合う,As Rosas Não Falam,Cartola,1976,切ない,https://joy-relief-station.lovable.app/cover-guide?artist=cartola&song=as-rosas-nao-falam,切ない愛を薔薇に問う、彼の詩情が凝縮されたサンバ・カンサォンの最高傑作。
B 秋に合う,Acontece,Cartola,1974,静かな,https://joy-relief-station.lovable.app/cover-guide?artist=cartola&song=acontece,終わりゆく愛を淡々と歌う。低音の響きとギターの旋律が静かな感動を呼ぶ一曲。
B 秋に合う,Dos Gardenias,Buena Vista Social Club,1997,切ない,https://joy-relief-station.lovable.app/cover-guide?artist=buena-vista-social-club&song=dos-gardenias,イブライム・フェレールの甘く切ない歌声が、夜の街に溶けます
B 秋に合う,Cruisin',ビティ・マクリーン,2004,夕暮れ,https://joy-relief-station.lovable.app/cover-guide?artist=bitty-mclean&song=cruisin,スモーキー・ロビンソンの名曲を、夕暮れの海辺を彷彿とさせる優雅なアレンジで歌唱。
B 秋に合う,Just a Little Bit Longer,マキシ・プリースト,1990,切ない,https://joy-relief-station.lovable.app/cover-guide?artist=maxi-priest&song=just-a-little-bit-longer,UKチャートを席巻した、切ないメロディが胸を打つラヴァーズ・ロックの金字塔。
B 秋に合う,Only One,BoA,2012,切ない,https://joy-relief-station.lovable.app/cover-guide?artist=bo-a&song=only-one,切ないメロディと洗練されたダンス。自作楽曲という点でも大きな転機に。
B 秋に合う,days gone by,DAY6,2018,切ない,https://joy-relief-station.lovable.app/cover-guide?artist=day6&song=days-gone-by,80年代シンセポップ風の懐かしいサウンド。軽快な音とは裏腹の切ない別れが特徴。
B 秋に合う,9 and Three Quarters (Run Away),TOMORROW X TOGETHER,2019,切ない,https://joy-relief-station.lovable.app/cover-guide?artist=txt&song=run-away,魔法の世界へ逃避するような疾走感。力強くもどこか切ないメロディラインが心に響きます。
B 秋に合う,Perfect Night,LE SSERAFIM,2023,夜の,https://joy-relief-station.lovable.app/cover-guide?artist=le-sserafim&song=perfect-night,ドライブや夜の街に溶け込む、極上のメロウ・ダンスポップ。
B 秋に合う,さよならひとり,TAEMIN,2016,ひとり,https://joy-relief-station.lovable.app/cover-guide?artist=taemin&song=sayonara-hitori,菅原小春の振り付けと、美しくも激しい感情が渦巻く伝説的なソロ活動の始点。
B 秋に合う,It's not easy for you,MISAMO,2023,切ない,https://joy-relief-station.lovable.app/cover-guide?artist=twice-momo-sana-mina&song=it-not-easy-for-you,MINAが作詞を担当した切ない失恋ソング。繊細で透明感のある歌声が胸を打つ。
B 秋に合う,Rewind you,MISAMO,2023,夜の,https://joy-relief-station.lovable.app/cover-guide?artist=twice-momo-sana-mina&song=rewind-you,SANAが作詞に加わったチルなR&Bナンバー。夜のドライブに合う大人びた雰囲気が魅力。
B 秋に合う,It's You,SUPER JUNIOR,2009,切ない,https://joy-relief-station.lovable.app/cover-guide?artist=super-junior&song=it-is-you,指先まで神経を研ぎ澄ませた耽美な振付と、切ないメロディラインが光る名曲。
B 秋に合う,Les Nuits,Nightmares on Wax,1999,夜の,https://joy-relief-station.lovable.app/cover-guide?artist=nightmares-on-wax&song=les-nuits,夜の街をドライブする際の相棒。メロウすぎる名インスト。
B 秋に合う,Hell Is Round the Corner,Tricky,1995,夜の,https://joy-relief-station.lovable.app/cover-guide?artist=trickey&song=hell-is-round-the-corner,煙たい夜の空気感を体現。ささやくようなラップが呪術的。
B 秋に合う,3AM,Matchbox Twenty,1996,切ない,https://joy-relief-station.lovable.app/cover-guide?artist=matchbox-twenty&song=3am,キャッチーなメロディの裏にある切ない物語。リズム良くカバーを。
B 秋に合う,If You're Gone,Matchbox Twenty,2000,切ない,https://joy-relief-station.lovable.app/cover-guide?artist=matchbox-twenty&song=if-youre-gone,ホーンセクションの響きと、孤独な夜に寄り添う切ないメロディが美しい名バラード。
B 秋に合う,Someday,Nickelback,2003,切ない,https://joy-relief-station.lovable.app/cover-guide?artist=nickelback&song=someday,切ないメロディとチャドの力強いダミ声が響く、ポストグランジの超名バラード。
B 秋に合う,Bizarre Love Triangle,New Order,1986,切ない,https://joy-relief-station.lovable.app/cover-guide?artist=new-order&song=bizarre-love-triangle,エレポップの頂点。甘く切ない電子音の渦に飲み込まれます。
B 秋に合う,Cowboy Song,Thin Lizzy,1976,静かな,https://joy-relief-station.lovable.app/cover-guide?artist=thin-lizzy&song=cowboy-song,静かな出だしから一気に加速する、ライブでも定番のドラマチックな一曲。
B 秋に合う,Is This Love,Whitesnake,1987,切ない,https://joy-relief-station.lovable.app/cover-guide?artist=whitesnake&song=is-this-love,切ないメロディが心に響く、HR史に残る最高のラブソング。
B 秋に合う,Foolin',Def Leppard,1983,静かな,https://joy-relief-station.lovable.app/cover-guide?artist=def-leppard&song=foolin,静かなアルペジオから重厚なサビへ一気に爆発するダイナミズムが圧巻
B 秋に合う,Don't Explain,ヘレン・メリル,1954,夜の,https://joy-relief-station.lovable.app/cover-guide?artist=helen-merrill&song=don-t-explain,切なさ際立つハスキー・ボイス。夜のひとときに深く沈み込む歌。
B 秋に合う,Black Coffee,ヘレン・メリル,1958,夜の,https://joy-relief-station.lovable.app/cover-guide?artist=helen-merrill&song=black-coffee,ハスキーボイスの魅力が全開。孤独な夜の空気感を見事に切り取ったスモーキーな名演。
B 秋に合う,Black Coffee,ペギー・リー,1953,夜の,https://joy-relief-station.lovable.app/cover-guide?artist=peggy-lee&song=black-coffee,夜の静寂に似合うアンニュイなヴォーカルが胸に響きます。
B 秋に合う,Once Upon a Summertime,ブロッサム・ディアリー,1959,しっとり,https://joy-relief-station.lovable.app/cover-guide?artist=blossom-dearie&song=once-upon-a-summertime,ミシェル・ルグラン作曲の哀愁漂う旋律を、少女のような歌声でしっとりと歌い上げる。
B 秋に合う,Someone to Watch Over Me,ブロッサム・ディアリー,1959,寂し,https://joy-relief-station.lovable.app/cover-guide?artist=blossom-dearie&song=someone-to-watch-over-me,ガーシュウィン曲をカバー。彼女の持つ無垢で寂しげなニュアンスが胸に響くバラード。 
B 秋に合う,When Do The Bells Ring For Me,トニー・ベネット,,ひとり,https://joy-relief-station.lovable.app/cover-guide?artist=tony-bennett&song=when-do-the-bells-ring-for-me,私の鐘はいつ鳴るのかと、街灯の下でひとり問いかけるような一曲。溜めて放つ声の強さに、思わず背筋が伸びる。
B 秋に合う,Yesterday I Heard the Rain (from Duets II: The Great Performances),トニー・ベネット,2011,しっとり,https://joy-relief-station.lovable.app/cover-guide?artist=tony-bennett&song=yesterday-i-heard-the-rain-from-duets-ii-the-gre,昨日、雨の音を聞いた——詩的な題名のとおり、歌の中でしっとりと雨が降り続ける。傘を持たずに聴き入りたい夜がある。
B 秋に合う,", Queen Latifah - Who Can I Turn To (When Nobody Needs Me) (from Duets II)",トニー・ベネット,2011,夜更け,https://joy-relief-station.lovable.app/cover-guide?artist=tony-bennett&song=queen-latifah-who-can-i-turn-to-when-nobody-need,クイーン・ラティファの深い声と重なると、誰に頼ればいいのかという問いが祈りに変わる。夜更けにそっと効くデュエット。
B 秋に合う,"Cold, Cold Heart (from Duets: The Making Of An American Classic) ft. Tim McGraw",トニー・ベネット,2006,冷たい,https://joy-relief-station.lovable.app/cover-guide?artist=tony-bennett&song=cold-cold-heart-from-duets-the-making-of-an-amer,ティム・マグロウと歌う、冷たい心を溶かせない男の嘆き節。カントリーの土の匂いとジャズの粋が固い握手を交わす。
B 秋に合う,Sweet Georgia Brown,アニタ・オデイ,1958,夜の,https://joy-relief-station.lovable.app/cover-guide?artist=anita-oday&song=sweet-georgia-brown,映画『真夏の夜のジャズ』での伝説的歌唱。超絶技巧の粋。
B 秋に合う,夜の喫茶店,セラニポージ,,夜の,https://joy-relief-station.lovable.app/cover-guide?artist=serani-poji&song=夜の喫茶店,
B 秋に合う,雲がちぎれる時,UA,1996,切ない,https://joy-relief-station.lovable.app/cover-guide?artist=u-a&song=unforgettable,力強くも切ないメロディが胸を打つ初期の代表的バラード。
B 秋に合う,Do You Believe In Magic?,Cymbals,1999,切ない,https://joy-relief-station.lovable.app/cover-guide?artist=cymbals&song=do-you-believe-in-magic,切ないメロディと轟音ギターが混ざり合う、初期ネオアコ路線のライブ定番曲。
B 秋に合う,Low IS AS IS,Cymbals,2000,夜の,https://joy-relief-station.lovable.app/cover-guide?artist=cymbals&song=low-as-is,ジャジーなピアノと浮遊感あるボーカル。夜のドライブに似合う洗練された名曲。
B 秋に合う,Duca,Chara,1998,切ない,https://joy-relief-station.lovable.app/cover-guide?artist=chara&song=duca,切ないメロディとウィスパーボイスが重なる、冬の定番バラード。
B 秋に合う,Deeper and Deeper,ラヴ・タンバリンズ,1994,切ない,https://joy-relief-station.lovable.app/cover-guide?artist=love-tambourines&song=deeper-and-deeper,グルーヴィな鍵盤と、甘く切ないメロディが溶け合う90年代渋谷系の金字塔。
B 秋に合う,だから、ひとりじゃない,Little Glee Monster,,ひとり,https://joy-relief-station.lovable.app/cover-guide?artist=little-glee-monster&song=た-から-ひとりし-ゃない,
B 秋に合う,ツキミソウ,Novelbright,2020,切ない,https://joy-relief-station.lovable.app/cover-guide?artist=novelbright&song=tsukimisou,SNSから火がついた切ない失恋歌。竹中雄大の歌唱力が圧巻です。
B 秋に合う,雪の音,Novelbright,2024,切ない,https://joy-relief-station.lovable.app/cover-guide?artist=novelbright&song=novelbright-yuki-no-oto,冬の情景が浮かぶ切ないラブバラード。繊細なピアノとエモーショナルな歌唱が響く。
B 秋に合う,かくれんぼ,優里,2019,切ない,https://joy-relief-station.lovable.app/cover-guide?artist=yuuri&song=kakurenbo,ドライフラワーのアフターストーリー。男性視点の後悔が滲む切ない失恋ソング。
B 秋に合う,夏の思い出,ケツメイシ,2003,夕暮れ,https://joy-relief-station.lovable.app/cover-guide?artist=ketsumeishi&song=tonari-to-natsu,エモい夏の夕暮れに聴きたい心地よいグルーヴのヒップホップ。
B 秋に合う,バラード,ケツメイシ,2011,切ない,https://joy-relief-station.lovable.app/cover-guide?artist=ketsumeishi&song=bara-ni-naru-basho,切ないピアノの旋律と、報われない恋心を綴った歌詞が胸を締め付ける名バラード。
B 秋に合う,よる☆かぜ,ケツメイシ,2001,夜の,https://joy-relief-station.lovable.app/cover-guide?artist=ketsumeishi&song=yoru-no-chou,初期の代表作。心地よいラテン調のリズムと夜の街を彷彿とさせるリリックが光る。
B 秋に合う,熱帯夜,RIP SLYME,2007,夜の,https://joy-relief-station.lovable.app/cover-guide?artist=rip-slyme&song=nettaiya,サビの艶やかなハーモニーが夏の夜の湿度を感じさせる名曲。
B 秋に合う,黄昏サラウンド,RIP SLYME,2004,黄昏,https://joy-relief-station.lovable.app/cover-guide?artist=rip-slyme&song=tasogare-surround,柔らかなメロディと夕暮れの寂しさを綴ったリリックが心に染みる。
B 秋に合う,Secret of my heart,倉木麻衣,2000,切ない,https://joy-relief-station.lovable.app/cover-guide?artist=kuraki-mai&song=secret-of-my-heart,アニメ「名探偵コナン」との親和性が高い、切ないR&B。
B 秋に合う,Point of No Return,CHEMISTRY,2001,切ない,https://joy-relief-station.lovable.app/cover-guide?artist=chemistry&song=point-of-no-return,切ない夏の叙情詩。心地よいビートと流麗なメロディ。
B 秋に合う,WILL,中島美嘉,2002,切ない,https://joy-relief-station.lovable.app/cover-guide?artist=nakashima-mika&song=will,星空を彷彿とさせる壮大なバラード。凛とした歌声と切ない旋律が重なる名録音。
B 秋に合う,恋心,相川七瀬,1996,切ない,https://joy-relief-station.lovable.app/cover-guide?artist=nanase-aikawa&song=koigokoro,織田哲郎プロデュースの王道ロック。切ない疾走感が秀逸。
B 秋に合う,nostalgia,相川七瀬,1998,切ない,https://joy-relief-station.lovable.app/cover-guide?artist=nanase-aikawa&song=nostalgia,切ないメロディに乗せて、心の葛藤をエモーショナルに歌い上げる名曲。
B 秋に合う,/ Nostalgia,相川七瀬,1998,夕暮れ,https://joy-relief-station.lovable.app/cover-guide?artist=nanase-aikawa&song=nostalgia-2,オリコン7位、20万枚超のヒットなのに、シングルバージョンは今なおアルバム未収録のまま。夕暮れ色の切なさが胸に残る。
B 秋に合う,風も空もきっと...,観月ありさ,1996,切ない,https://joy-relief-station.lovable.app/cover-guide?artist=mizuki-alisa&song=kaze-no-wakewaku,セーラームーンのED曲。透明感あふれる歌声と切ないメロディが胸を打つ。
B 秋に合う,Time goes by,Every Little Thing,1998,切ない,https://joy-relief-station.lovable.app/cover-guide?artist=every-little-thing&song=time-goes-by,J-POP史に残るバラード。持田香織の切ない歌声が響く名曲。
B 秋に合う,Dance In The Memories,中原めいこ,1987,切ない,https://joy-relief-station.lovable.app/cover-guide?artist=meiko-nakahara&song=dance-in-the-memories,『きまぐれオレンジ☆ロード』最終OP。切ない詞と都会的な疾走感が光る逸品。
B 秋に合う,GEMINI,中原めいこ,1983,夜の,https://joy-relief-station.lovable.app/cover-guide?artist=meiko-nakahara&song=gemini,煌びやかなシンセサウンドが印象的。80年代の夜の空気感を詰め込んだダンスナンバー。
B 秋に合う,ろっか・ばい・まい・べいびい,細野晴臣,1973,静かな,https://joy-relief-station.lovable.app/cover-guide?artist=shigeru-suzuki-bandmate&song=bon-voyage-cozy,アコースティックギターの音色と低い歌声が、静かな夜に溶け込むような原点の一曲。
B 秋に合う,Midnight Driver,吉田美奈子,,深夜,https://joy-relief-station.lovable.app/cover-guide?artist=tatsuro-yamashita-chorus-legend&song=midnight-driver,深夜のドライブ。
B 秋に合う,頬に夜の灯,吉田美奈子,1982,夜の,https://joy-relief-station.lovable.app/cover-guide?artist=tatsuro-yamashita-chorus-legend&song=clouds,山下達郎編曲によるメロウな名曲。夜の静寂を思わせる繊細な歌唱が聴きどころ。
B 秋に合う,Best to You,Blood Orange,2016,切ない,https://joy-relief-station.lovable.app/cover-guide?artist=blood-orange&song=best-to-you,切ないメロディとアフリカンなリズムが融合した、心震える良曲
B 秋に合う,Work,Charlotte Day Wilson,2016,静かな,https://joy-relief-station.lovable.app/cover-guide?artist=charlotte-day-wilson&song=work,重厚でゴスペル調の静かな高揚感が、聴く者の背中を優しく押す
B 秋に合う,Mountains,Charlotte Day Wilson,2020,冷たい,https://joy-relief-station.lovable.app/cover-guide?artist=charlotte-day-wilson&song=mountains,内省的で冷たい空気感を纏いつつ、芯に熱を持ったバラード
B 秋に合う,Difference,崎谷健次郎,1988,切ない,https://joy-relief-station.lovable.app/cover-guide?artist=kenjiro-sakiya&song=difference,壮大なストリングスと切ないメロディが心に響く、映画主題歌にもなった名バラード。
B 秋に合う,Because Of Love,崎谷健次郎,1988,夜の,https://joy-relief-station.lovable.app/cover-guide?artist=kenjiro-sakiya&song=because-of-love,都会的なシティポップの系譜を継ぐ、夜のドライブに最適なアーバン・ファンク。
B 秋に合う,This Night Won't Last Forever,Bill LaBounty,1978,切ない,https://joy-relief-station.lovable.app/cover-guide?artist=bill-la-bounty&song=this-night-won-t-last-forever,切ないイントロから始まる、都会の孤独を包み込むようなバラード。
B 秋に合う,哀しみのシルエット,紀の国屋まみ,1985,切ない,https://joy-relief-station.lovable.app/cover-guide?artist=kinokuni-ya-manami&song=kanashimi-no-shilluette,切ないメロディに乗せたハスキーな低音が、都会の孤独を見事に描き出す。
B 秋に合う,シューティング・スターに抱かれて,紀の国屋まみ,1986,夜の,https://joy-relief-station.lovable.app/cover-guide?artist=kinokuni-ya-manami&song=shooting-star-ni-dakarete,疾走感溢れるシンセサウンドが心地よい。夜のドライブを彩る隠れた名演。
B 秋に合う,She's Gone,Daryl Hall & John Oates,1973,切ない,https://joy-relief-station.lovable.app/cover-guide?artist=hall-and-oates&song=she-s-gone,美しすぎるメロディと切ないリフレイン。完璧なポップ・ソウル。
B 秋に合う,赤ちょうちん,南こうせつ,1974,切ない,https://joy-relief-station.lovable.app/cover-guide?artist=kousetsu-minami&song=akachochin,切ないメロディと歌詞が染みる、神田川と並ぶ四畳半フォークの金字塔的作品。
B 秋に合う,結婚するって本当ですか,南こうせつ,1974,切ない,https://joy-relief-station.lovable.app/cover-guide?artist=kousetsu-minami&song=kekkon-surutte-hontou-desuka,ダ・カーポのカバーとしても有名。切ない恋心の揺れを繊細な歌声で表現する。
B 秋に合う,帰り道,南こうせつ,1975,帰り道,https://joy-relief-station.lovable.app/cover-guide?artist=kousetsu-minami&song=kaerimichi,見慣れた帰り道を歌っているだけなのに、なぜか自分の記憶の方が呼び起こされる。
B 秋に合う,It Wouldn't Have Made Any Difference,Todd Rundgren,1972,切ない,https://joy-relief-station.lovable.app/cover-guide?artist=tod-rundgren&song=it-wouldnt-have-made-any-difference,切ないメロディが胸を打つ、初期の瑞々しい感性が凝縮された失恋バラード。
B 秋に合う,Pink Moon,Nick Drake,1972,静かな,https://joy-relief-station.lovable.app/cover-guide?artist=nicholas-drake&song=pink-moon,究極の孤独と美学。ギター一本で描く、静かなる宇宙。
B 秋に合う,リンゴ,吉田拓郎,1972,切ない,https://joy-relief-station.lovable.app/cover-guide?artist=tatsuro-yamashita-legacy&song=rinkai-gakko,繊細な指弾きギターにのせ、切ない恋心を等身大の言葉で綴る名曲。
B 秋に合う,Look on Down from the Bridge,Mazzy Star,1996,静かな,https://joy-relief-station.lovable.app/cover-guide?artist=mazzy-star&song=look-on-down-from-the-bridge,メランコリーが極限まで高まった、静かな熱量を感じる名曲。
B 秋に合う,This Will Be Our Year,The Zombies,1968,切ない,https://joy-relief-station.lovable.app/cover-guide?artist=the-zombies&song=this-will-be-our-year,跳ねるピアノとホーンが祝福する、美しくも切ない永遠の愛のアンセム。
B 秋に合う,Waterloo Sunset,The Kinks,1967,夕暮れ,https://joy-relief-station.lovable.app/cover-guide?artist=the-kinks&song=waterloo-sunset,夕暮れ時の情緒を感じる傑作。英国的なサイケポップの極致。
B 秋に合う,The Killing Moon,Echo & the Bunnymen,1984,夜の,https://joy-relief-station.lovable.app/cover-guide?artist=echo-and-the-bunnymen&song=the-killing-moon,ネオサイケ最大の美曲。夜の静寂を切り裂くようなギターの美学。
B 秋に合う,Riders on the Storm,The Doors,1971,静かな,https://joy-relief-station.lovable.app/cover-guide?artist=the-doors&song=riders-on-the-storm,雨音から始まるジャジーな終幕。静かな狂気を孕んだ名演です。
B 秋に合う,Sunday Morning,The Velvet Underground,1967,静かな,https://joy-relief-station.lovable.app/cover-guide?artist=the-velvet-underground&song=sunday-morning,サイケの静かな幕開け。浮遊感に満ちた究極のドリーム・ポップ。
B 秋に合う,Old and Wise,The Alan Parsons Project,1982,静かな,https://joy-relief-station.lovable.app/cover-guide?artist=the-alan-parsons-project&song=old-and-wise,深く静かな歌声が心に染み入る、哀愁に満ちたバラードの名曲。
B 秋に合う,Don't Answer Me,The Alan Parsons Project,1984,切ない,https://joy-relief-station.lovable.app/cover-guide?artist=the-alan-parsons-project&song=dont-answer-me,60年代風のウォール・オブ・サウンドを再現した、ポップで切ないメロディの名曲。
B 秋に合う,Crystal Silence,Chick Corea,1973,静かな,https://joy-relief-station.lovable.app/cover-guide?artist=chick-corea&song=crystal-silence,澄み切った静寂を描き出す、瑞々しくも静かな名演。
B 秋に合う,Folhetim,Gal Costa,1978,夜の,https://joy-relief-station.lovable.app/cover-guide?artist=gal-costa&song=folhetim,ブラジル夜の風情。彼女の最も官能的で美しい歌唱のひとつ。
B 秋に合う,Você É Linda,Caetano Veloso,1983,切ない,https://joy-relief-station.lovable.app/cover-guide?artist=caetano-veloso&song=voc-e-linda,甘く切ない究極のラブソング。カエターノの知性が光る美旋律。
B 秋に合う,Broad As It Is Long,バーリン顿・リーヴィ,1980,切ない,https://joy-relief-station.lovable.app/cover-guide?artist=barrington-levy&song=broad-as-it-is-long,切ないメロディと唯一無二のハイトーン・スキャットが響き渡る初期の傑作。
B 秋に合う,Sitting & Watching,デニス・ブラウン,1980,切ない,https://joy-relief-station.lovable.app/cover-guide?artist=dennis-brown&song=sitting-and-watching,スライ＆ロビーによる重厚なリズムと心に響く切ないメロディが胸を打つ。
B 秋に合う,Night Nurse,グレゴリー・アイザックス,1982,切ない,https://joy-relief-station.lovable.app/cover-guide?artist=gregory-isaacs&song=night-nurse,「不眠の名曲」。甘く切ないボーカルが夜の孤独に溶け込む傑作。
B 秋に合う,Love is Overdue,グレゴリー・アイザックス,1974,切ない,https://joy-relief-station.lovable.app/cover-guide?artist=gregory-isaacs&song=love-is-overdue,初期のラヴァーズ・ロック路線の至宝。切ない男心に寄り添う一曲。
B 秋に合う,It Must Be Love,マッドネス,1981,切ない,https://joy-relief-station.lovable.app/cover-guide?artist=madness&song=it-must-be-love,切ないメロディをスカで包んだ名曲。サビの幸福感は唯一無二。
B 秋に合う,つぐない,テレサ・テン,1984,切ない,https://joy-relief-station.lovable.app/cover-guide?artist=teresa-teng&song=tsugunai,荒木とよひさとのゴールデンコンビが放った、切ない恋の終わりの代表曲。
B 秋に合う,夜のつエリ一ポ一ト,テレサ・テン,1971,夜の,https://joy-relief-station.lovable.app/cover-guide?artist=teresa-teng&song=夜のつエリ一ホ-一ト,
B 秋に合う,Habit,SEVENTEEN,2017,切ない,https://joy-relief-station.lovable.app/cover-guide?artist=seventeen&song=habit,切ないボーカルチームの名曲。サビの突き抜けるような高音ボイスが胸を打つ。
B 秋に合う,Haru Haru,BIGBANG,2008,切ない,https://joy-relief-station.lovable.app/cover-guide?artist=bigbang&song=haru-haru,ピアノの旋律が泣かせる、初期BIGBANGを代表する切ない名曲。
B 秋に合う,Raver,Burial,2007,寂し,https://joy-relief-station.lovable.app/cover-guide?artist=burial&song=raver,祝祭の後の虚脱感。寂しげなハウスビートが胸を打ちます。
B 秋に合う,Everything You Do is a Balloon,Boards of Canada,1996,黄昏,https://joy-relief-station.lovable.app/cover-guide?artist=board-of-canada&song=everything-you-do-is-a-balloon,黄昏時の公園のようなノスタルジー。IDMを象徴する美しい旋律。
B 秋に合う,Right Here,Staind,2005,切ない,https://joy-relief-station.lovable.app/cover-guide?artist=staind&song=right-here,切ないメロディが際立つ。失ったものへの後悔を歌い上げ、チャート首位を記録。
B 秋に合う,Miss You Love,Silverchair,1999,切ない,https://joy-relief-station.lovable.app/cover-guide?artist=silverchair&song=miss-you-love,切ないメロディと不安定な心情を歌う歌詞が、多くの若者の共感を呼んだ名曲。
B 秋に合う,Miss You Love,Silverchair,1999,静かな,https://joy-relief-station.lovable.app/cover-guide?artist=silverchair&song=miss-you-love-2,ラブソングの顔をしながら、芯にあるのは静かな怒り。だからこそ、聴き終えると涙腺がゆるむ。
B 秋に合う,What Became of the Likely Lads,The Libertines,2004,切ない,https://joy-relief-station.lovable.app/cover-guide?artist=the-libertines&song=what-became-of-the-likely-lads,ピートとカールの崩壊していく関係性を皮肉たっぷりに描いた切ない名曲。
B 秋に合う,Made of Stone,The Stone Roses,1989,切ない,https://joy-relief-station.lovable.app/cover-guide?artist=the-stone-roses&song=made-of-stone,切ないメロディとジョン・スクワイアによる流麗なギターソロが光る一曲。
B 秋に合う,So Young,Suede,1993,切ない,https://joy-relief-station.lovable.app/cover-guide?artist=suede&song=so-young,切ないピアノから始まる、初期を象徴する刹那的な若者のアンセム。
B 秋に合う,No Aloha,The Breeders,1993,静かな,https://joy-relief-station.lovable.app/cover-guide?artist=the-breeders&song=no-aloha,静かなアコースティックからノイジーなサビへ転換するダイナミズムが心地よい。
B 秋に合う,Mr. Jones,Counting Crows,1993,切ない,https://joy-relief-station.lovable.app/cover-guide?artist=counting-crows&song=mr-jones,切ないメロディとどこか愛嬌のある歌唱。93年の大ヒット曲。
B 秋に合う,Silent All These Years,Tori Amos,1991,静かな,https://joy-relief-station.lovable.app/cover-guide?artist=tori-amos&song=silent-all-these-years,静かなピアノが沈黙を破る叫びへと変わる、魂を揺さぶる一曲。
B 秋に合う,Good Fortune,PJ Harvey,2000,夜の,https://joy-relief-station.lovable.app/cover-guide?artist=pj-harvey&song=good-fortune,MVは夜のロンドンを歩き通しで撮影。彼女が動くたび、15人の男性クルーが一斉に床へ伏せたという逸話つき。恋の追い風が吹く晴れやかなロック。
B 秋に合う,Corcovado (Quiet Nights of Quiet Stars),Stan Getz,1964,夜の,https://joy-relief-station.lovable.app/cover-guide?artist=stan-getz&song=corcovado,夜の静寂を感じさせる抑揚を抑えたリード演奏が、都会的な哀愁を漂わせる
B 秋に合う,Corcovado (Quiet Nights of Quiet Stars),Antonio Carlos Jobim,1963,夜の,https://joy-relief-station.lovable.app/cover-guide?artist=antonio-carlos-jobim&song=corcovado,夜の静寂を音にしたような、ジョビン独特のピアノと歌声。
B 秋に合う,It Might as Well Be Spring,Astrud Gilberto,1964,切ない,https://joy-relief-station.lovable.app/cover-guide?artist=astrud-gilberto&song=it-might-as-well-be-spring,ゲッツのテナーサックスと溶け合う、甘く切ない春の調べ。
B 秋に合う,東京は夜の七時,バニラビーンズ,2011,夜の,https://joy-relief-station.lovable.app/cover-guide?artist=the-vanilla-beans&song=tokyo-wa-yoru-no-7ji-vb,ピチカートの名曲を正統カバー。次世代へと繋ぐ渋谷の魂。
B 秋に合う,チョコミントフレーバータイム,バニラビーンズ,2012,切ない,https://joy-relief-station.lovable.app/cover-guide?artist=the-vanilla-beans&song=chocola,切ないメロディが際立つ、活動中期のライブでも定番だった北欧ポップスの傑作。
B 秋に合う,大好きなだれかはいない,藤原ヒロシ,1994,切ない,https://joy-relief-station.lovable.app/cover-guide?artist=hiroshi-fujiwara&song=daisuki-na-dareka-wa-inai,UAの声をサンプリングした郷愁を誘うメロディと切ないリフレインが胸を打つ。
B 秋に合う,シブヤ系から遠く離れて,カジヒデキ,1999,切ない,https://joy-relief-station.lovable.app/cover-guide?artist=hiromatsushita-and-the-mantels&song=suddenly-sibylla,切ないメロディと疾走感、カジヒデキ流スウェディッシュポップの到達点。
B 秋に合う,よふかしのうた,Creepy Nuts,2019,夜の,https://joy-relief-station.lovable.app/cover-guide?artist=creepy-nuts&song=yofukashi-no-uta,夜の解放感とどこか寂しい空気感を見事に描写した代表曲。
B 秋に合う,ひとりじゃない with,MONGOL800,2012,ひとり,https://joy-relief-station.lovable.app/cover-guide?artist=mongol800&song=ひとりし-ゃない-with,
B 秋に合う,もう恋なんてしない,槇原敬之,1992,寂し,https://joy-relief-station.lovable.app/cover-guide?artist=makihara-noriyuki&song=mou-koi-nante-shinai,失恋の寂しさから、少しずつ前を向く強さへと切り替わっていく歌詞を描いたラブソング。
B 秋に合う,超えろ。,槇原敬之,,静かな,https://joy-relief-station.lovable.app/cover-guide?artist=makihara-noriyuki&song=超えろ,正式な曲名は句点まで含めて「超えろ。」。言い切りの二文字と丸ひとつが、説教でも激励でもなく、静かな確信として背中に置かれる。
B 秋に合う,Fall,槇原敬之,,夜の,https://joy-relief-station.lovable.app/cover-guide?artist=makihara-noriyuki&song=fall,題名はあえて「Fall in love」にしなかった。人とふれあうことには不安もつきものだから、という理由がいい。会社を休みたい夜のディスコ調。
B 秋に合う,Can't Stop Fallin' in Love,globe,1996,切ない,https://joy-relief-station.lovable.app/cover-guide?artist=globe&song=can-t-stop-fallin-in-love,切ないメロディとKEIKOのハイトーンが響く、恋愛の葛藤を描いた名曲。
B 秋に合う,/ Can't Stop Fallin' in Love,globe,1996,暮れ,https://joy-relief-station.lovable.app/cover-guide?artist=globe&song=can-t-stop-fallin-in-love-2,ケイト・モスの写真アーカイブを眺めているときにサビの歌詞が浮かんだ。JR東日本「JR ski ski」のCM曲となり、その年の暮れにミリオンに届いた。
B 秋に合う,/ Perfume of love,globe,,余韻,https://joy-relief-station.lovable.app/cover-guide?artist=globe&song=perfume-of-love,題名の「Perfume」は、マーク・パンサーが「香水」ではなく「余韻」の意味で付けた。1番終わりのメロディはKEIKOの即興がそのまま採用されている。
B 秋に合う,DO NOT［Official Video］,藤井フミヤ,1997,夜の,https://joy-relief-station.lovable.app/cover-guide?artist=fujii-fumiya&song=do-not-official-video,夜の街が似合うファンキーなグルーヴ。ダメ、と焦らすタイトルどおり、余裕たっぷりの色気で聴き手を翻弄する。
B 秋に合う,Long Road,藤井フミヤ,,帰り道,https://joy-relief-station.lovable.app/cover-guide?artist=fujii-fumiya&song=long-road,長い道のりを一歩ずつ踏みしめるようなミディアムナンバー。歩き疲れた日の帰り道にこそ、頼りたくなる包容力がある。
B 秋に合う,チェッカーズLIVE1985「星屑のステージ」,藤井フミヤ,,切ない,https://joy-relief-station.lovable.app/cover-guide?artist=fujii-fumiya&song=チェッカース-live1985-星屑のステーシ,1985年、若きチェッカーズの「星屑のステージ」。切ない歌詞を全力で駆け抜ける、初期ならではの勢いが眩しい。
B 秋に合う,冷たい夜の光,Lamp,,夜の,https://joy-relief-station.lovable.app/cover-guide?artist=lamp&song=冷たい夜の光,
B 秋に合う,One Day,サニーデイ・サービス,,余韻,https://joy-relief-station.lovable.app/cover-guide?artist=sunny-day-service&song=one-day,『夏は行ってしまった』に続く2か月連続リリースの一枚で、夏の終わりを描いたスローテンポのロック。過ぎた季節を惜しむ余韻が長い。
B 秋に合う,【公式】「雨は毛布のように」 【4Kリマスター】KIRINJI/ Ame Wa Mofu No Yoni (7thシングル),キリンジ,,毛布,https://joy-relief-station.lovable.app/cover-guide?artist=kirinji&song=公式-雨は毛布のように-4kリマスター-kirinji-ame-wa-mofu-no-yoni-,
B 秋に合う,久保田麻琴＆夕焼け楽団 “バイバイ ベイビー” 1976年＠日比谷野音 Makoto Kubota Sunset Gang,久保田麻琴と夕焼け楽団,,夕焼け,https://joy-relief-station.lovable.app/cover-guide?artist=makoto-kubota&song=久保田麻琴-and-夕焼け楽団-ハ-イハ-イ-ヘ-イヒ-ー-1976年-日比谷野音-makoto,
B 秋に合う,SHADOW CITY,寺尾聰,1980,深夜,https://joy-relief-station.lovable.app/cover-guide?artist=akira-terao&song=shadow-city,低音ヴォイスが響く、深夜のドライブに最適なメロウ・ポップス。
B 秋に合う,哀しみは夜の向こう,間宮貴子,,夜の,https://joy-relief-station.lovable.app/cover-guide?artist=takako-mamiya&song=哀しみは夜の向こう,
B 秋に合う,たそがれは銀箔の…,間宮貴子,,たそがれ,https://joy-relief-station.lovable.app/cover-guide?artist=takako-mamiya&song=たそか-れは銀箔の,
B 秋に合う,真夜中のジョーク,間宮貴子,1982,夜の,https://joy-relief-station.lovable.app/cover-guide?artist=takako-mamiya&song=may-n-u,絶妙なアンニュイさとグルーヴ。夜の静寂に溶ける名曲です。
B 秋に合う,Deal,J.Lamotta,2017,夜の,https://joy-relief-station.lovable.app/cover-guide?artist=j-lamotta&song=deal,都会的なスロウ・グルーヴが、夜の帳を静かに下ろしていく。
B 秋に合う,Cure,Moonchild,2017,夜の,https://joy-relief-station.lovable.app/cover-guide?artist=moonchild&song=cure,都会的な夜のドライブに寄り添う、洗練されたビートと旋律。
B 秋に合う,Hallucinations,dvsn,2016,切ない,https://joy-relief-station.lovable.app/cover-guide?artist=dvsn&song=hallucinations,切ないファルセットが響く、静寂と情熱が同居する名バラード。
B 秋に合う,Piece of My Love,Guy,1988,切ない,https://joy-relief-station.lovable.app/cover-guide?artist=guy&song=piece-of-my-love,甘く切ないメロディが際立つ、90年代R&Bマナーの極上スロウ。
B 秋に合う,Let's Chill,Guy,1990,夜の,https://joy-relief-station.lovable.app/cover-guide?artist=guy&song=lets-chill,テディ・ライリーの真骨頂。メロウでムーディーな夜の定番曲。
B 秋に合う,Sunset Cruising,堀井勝美,1987,切ない,https://joy-relief-station.lovable.app/cover-guide?artist=katsumi-horii&song=sunset-cruising,切ないサックスの音色がオレンジ色の空を彩る、黄昏の名曲。
B 秋に合う,Livin' It Up,ビル・ラバウンティ,1982,切ない,https://joy-relief-station.lovable.app/cover-guide?artist=bill-lavery&song=livin-it-up,切ないメロディとソフトな歌声。これぞライトメロウの象徴。
B 秋に合う,Stay,ブルー・ナイル,1984,夜更け,https://joy-relief-station.lovable.app/cover-guide?artist=the-blue-nile&song=stay,無駄を削ぎ落とした美学。夜更けに一人の部屋で浸りたい名曲。
B 秋に合う,BABY BLUE,伊藤銀次,1982,切ない,https://joy-relief-station.lovable.app/cover-guide?artist=ginji-ito&song=baby-blue,切ないメロディと確かなビートが共存する、80年代の良心。
B 秋に合う,しあわせ未満,太田裕美,1977,切ない,https://joy-relief-station.lovable.app/cover-guide?artist=hiromi-ota&song=shiawase-miman,甘く切ない歌声が、日常のひとコマを鮮やかに描き出します。
B 秋に合う,Goodbye Day,来生たかお,1981,静かな,https://joy-relief-station.lovable.app/cover-guide?artist=rufus-gumede&song=goodbye-day,優しく語りかけるような歌声が、都会の静かな夜に溶け合います。
B 秋に合う,「夢の渚-The Silent Service-」,来生たかお,,静かな,https://joy-relief-station.lovable.app/cover-guide?artist=rufus-gumede&song=夢の渚-the-silent-service,静かな波音が聞こえてきそうな、スケールの大きいバラード。深く沈み込む低音から、渚の光景がゆっくり立ち上がる。
B 秋に合う,スローモーション,来生たかお,,余韻,https://joy-relief-station.lovable.app/cover-guide?artist=rufus-gumede&song=スローモーション,ゆっくり巻き戻す映画のように、淡い出会いの場面が浮かぶメロディ。囁くような歌い口が、余韻を長く引き延ばす。
B 秋に合う,マイ･ラグジュアリー･ナイト (My Luxury Night is Song by Takao Kisugi),来生たかお,,しっとり,https://joy-relief-station.lovable.app/cover-guide?artist=rufus-gumede&song=マイ-ラク-シ-ュアリー-ナイト-my-luxury-night-is-song-by-taka,ネオンの灯る夜の街が似合う、しっとり贅沢なナイトミュージック。グラスを傾けながら、大人の時間をゆっくりと。
B 秋に合う,スローナイト(SLOW NIGHT Song by Takao Kisugi),来生たかお,,夜の,https://joy-relief-station.lovable.app/cover-guide?artist=rufus-gumede&song=スローナイト-slow-night-song-by-takao-kisugi,ゆっくり更けていく夜のためのメロウナンバー。急がない歌に合わせて、時計の針まで歩幅を緩めてくれる。
B 秋に合う,／夜のピアノ,山本達彦,,夜の,https://joy-relief-station.lovable.app/cover-guide?artist=tatsuhiko-yamamoto&song=夜のヒ-アノ,
B 秋に合う,She Talks To Me With Her Body,Bar-Kays,1996,夜更け,https://joy-relief-station.lovable.app/cover-guide?artist=bar-kays&song=she-talks-to-me-with-her-body,シンセベースが低く唸り、ホーンが合いの手を入れる粘っこいブギー。言葉より先に体が答えてしまう夜更け向け。
B 秋に合う,Running In And Out Of My Life,Bar-Kays,1998,切ない,https://joy-relief-station.lovable.app/cover-guide?artist=bar-kays&song=running-in-and-out-of-my-life,出たり入ったりする恋を、ため息まじりのメロディで追いかける。踊らせるだけではないこのバンドの切ない横顔。
B 秋に合う,Everybody Is a Star,Sly & The Family Stone,,静かな,https://joy-relief-station.lovable.app/cover-guide?artist=sly-and-the-family-stone&song=everybody-is-a-star,誰もが星なんだと、メンバーが代わる代わる歌い継ぐ優しさ。落ち込んだ夜にそっと効く、静かな励ましの歌。
B 秋に合う,Runnin' Away,Sly & The Family Stone,,寂し,https://joy-relief-station.lovable.app/cover-guide?artist=sly-and-the-family-stone&song=runnin-away,軽やかなトランペットと鼻歌のようなメロディの奥に、逃げ続ける者の寂しさが透ける。苦味が後を引く小品。
B 秋に合う,ラビリンス,MONDO GROSSO,2017,夜の,https://joy-relief-station.lovable.app/cover-guide?artist=mondo-grosso&song=labyrinth,満島ひかりの歌声が沁みる、夜の街を彷徨うための現代の名曲。
B 秋に合う,'The Girl And The Robot',Röyksopp,2009,切ない,https://joy-relief-station.lovable.app/cover-guide?artist=royksopp&song=the-girl-and-the-robot,ロビンを迎え、働きづめのロボットに恋した少女を歌う切ないエレクトロ。冷たい機械音の奥で、確かに心臓が鳴っている。
B 秋に合う,Culture of Fear,Thievery Corporation,2011,夜の,https://joy-relief-station.lovable.app/cover-guide?artist=thievery-corporation&song=culture-of-fear,同名アルバムは2011年発表の6作目。不安の文化、と名指しする題名とは裏腹に、音は夜のラウンジのように涼しく揺れる。
B 秋に合う,At the River,Groove Armada,1997,夕暮れ,https://joy-relief-station.lovable.app/cover-guide?artist=groove-armada&song=at-the-river,夕暮れの海辺で聴きたい、究極のチルアウト・ミュージック。
B 秋に合う,Hands of Time,Groove Armada,,切ない,https://joy-relief-station.lovable.app/cover-guide?artist=groove-armada&song=hands-of-time,時の砂が指の間から落ちていくような、静かで切ないダウンテンポ。夜明け前のひとりの時間にそっと寄り添う。
B 秋に合う,Xtal,Aphex Twin,1992,冷たい,https://joy-relief-station.lovable.app/cover-guide?artist=aphex-twin&song=xtal,ドリーミーで幻想的。冷たいのに温かい、不思議な感覚が残ります。
B 秋に合う,Boys Don't Cry,The Cure,1979,切ない,https://joy-relief-station.lovable.app/cover-guide?artist=the-cure&song=boys-dont-cry,切ない歌詞と軽快なビート。強がりな優しさが心に沁みます。
B 秋に合う,London Calling,The Clash,1979,静かな,https://joy-relief-station.lovable.app/cover-guide?artist=the-clash&song=london-calling,静かな闘志を感じさせるリズム。大人の反骨心に火がつきます。
B 秋に合う,Getting Late,Floetry,2002,夜の,https://joy-relief-station.lovable.app/cover-guide?artist=floetry&song=getting-late,夜のドライブにぴったり。落ち着いた大人のためのスロウ。 
B 秋に合う,Getting Late,Floetry,2002,夜更け,https://joy-relief-station.lovable.app/cover-guide?artist=floetry&song=getting-late-2,デビュー作『Floetic』を締めくくる3枚目のシングル。後にドレイクが「Flight's Booked」でサンプリングし、この夜更けの温度は現代のR&Bへ受け継がれた。
B 秋に合う,Forever,Donell Jones,2013,ひとり,https://joy-relief-station.lovable.app/cover-guide?artist=donell-jones&song=forever,2013年の同名アルバムは、ギター以外の楽器をほぼすべてジョーンズ本人が演奏した実質ひとりの作品。R&Bアルバムチャートでは5作連続のトップ10入りを果たした。
B 秋に合う,Rain,SWV,1998,しっとり,https://joy-relief-station.lovable.app/cover-guide?artist=swv&song=rain,もともとブランディの2作目のために書かれ、巡り巡ってSWVが歌うことになったバラード。雨音のようにしっとりと心を濡らしていく。
B 秋に合う,Wish I Didn't Miss You,Angie Stone,2001,切ない,https://joy-relief-station.lovable.app/cover-guide?artist=angie-stone&song=wish-i-didnt-miss-you,切ないメロディとハスキーな歌声が胸を打つ、ネオソウルの金字塔。
B 秋に合う,Midnight Pretenders,亜蘭知子,1983,夜の,https://joy-relief-station.lovable.app/cover-guide?artist=tomoko-aran&song=midnight-pretenders,海外アーティストにサンプリングもされた、メロウな夜の定番曲。作詞：亜蘭知子本人、作曲：織田哲郎。
B 秋に合う,オレンジの河,今井美樹,1986,夕暮れ,https://joy-relief-station.lovable.app/cover-guide?artist=miki-imai&song=orange-no-kawara,夕暮れ時に聴きたい名バラード。透明感のある歌声が胸に響きます。
B 秋に合う,「黄昏のモノローグ」Music Video,今井美樹,,黄昏,https://joy-relief-station.lovable.app/cover-guide?artist=miki-imai&song=黄昏のモノローク-music-video,
B 秋に合う,The Nightfly,Donald Fagen,1982,深夜,https://joy-relief-station.lovable.app/cover-guide?artist=steely-dan-alumni-donald-fagen&song=the-nightfly,深夜ラジオから流れるような、ノスタルジーと都会の香りが交差する曲。
B 秋に合う,The Nightfly,Donald Fagen,1982,深夜,https://joy-relief-station.lovable.app/cover-guide?artist=steely-dan-alumni-donald-fagen&song=the-nightfly-2,1982年発表、初のソロ作の表題曲。少年時代に聴き入った深夜のジャズラジオへの郷愁が、そのまま音になっている。
B 秋に合う,"Big Noise, New York",Donald Fagen,,夜の,https://joy-relief-station.lovable.app/cover-guide?artist=steely-dan-alumni-donald-fagen&song=big-noise-new-york,クラクションや喧騒までリズムに変えてしまう、ニューヨークの夜のためのファンク。都市のざわめきが目に浮かぶ。
B 秋に合う,"| Live at the Paramount Theatre, Oakland, CA - 2006 (Full Recording)",Donald Fagen,,夜の,https://joy-relief-station.lovable.app/cover-guide?artist=steely-dan-alumni-donald-fagen&song=live-at-the-paramount-theatre-oakland-ca-2006-fu,2006年、オークランドの劇場公演をまるごと収めた記録。一夜の流れをそのまま追体験できる、貴重な長尺映像。
B 秋に合う,Ain't Nobody,Rufus & Chaka Khan,1983,夜の,https://joy-relief-station.lovable.app/cover-guide?artist=chaka-khan-rufus&song=aint-nobody,アーバン・ファンクの完成形。夜のドライブを彩る洗練されたリズム。
B 秋に合う,Lonely Beat of My Heart,Steve Lukather,1989,切ない,https://joy-relief-station.lovable.app/cover-guide?artist=steve-lukather&song=lonely-beat-of-my-heart,切ないメロディとギター・ソロ、大人の孤独を優しく包み込む一曲です。
B 秋に合う,miss you,m-flo,2003,切ない,https://joy-relief-station.lovable.app/cover-guide?artist=m-flo&song=miss-you,Melody.と山本領平との掛け合い。切ないグルーヴが心地いい。
B 秋に合う,Shangri-La,電気グルーヴ,1997,切ない,https://joy-relief-station.lovable.app/cover-guide?artist=denki-groove&song=shangri-la,切ないメロディとディスコ・ビート。日本のダンス・アンセム。
B 秋に合う,Grapevyne,Brownstone,1994,切ない,https://joy-relief-station.lovable.app/cover-guide?artist=brownstone&song=grapevyne,少し切ないメロディ。夜の静かな部屋でじっくり聴きたい名曲。
B 秋に合う,たそがれマイ・ラブ,大橋純子,1978,たそがれ,https://joy-relief-station.lovable.app/cover-guide?artist=junko-ohashi&song=telephone-number,圧倒的な声量と表現力。昭和歌謡の枠を超えたソウルフルな絶唱。
B 秋に合う,「」♪サファリ・ナイト ♪たそがれ・マイラブ ♪シルエット・ロマン,大橋純子,,たそがれ,https://joy-relief-station.lovable.app/cover-guide?artist=junko-ohashi&song=サファリ-ナイト-たそか-れ-マイラフ-シルエット-ロマン,
B 秋に合う,今日この頃,松原みき,,しっとり,https://joy-relief-station.lovable.app/cover-guide?artist=miki-matsubara&song=kyo-kono-goro,しっとりと歌い上げるバラード。艶のあるボーカルが染みる。
B 秋に合う,ブラック・ムーン,ラジ,1980,夜の,https://joy-relief-station.lovable.app/cover-guide?artist=rajie&song=black-moon,クールでスタイリッシュ。夜のドライブのBGMに最適な一曲。 
B 秋に合う,突然の贈りもの,大貫妙子,1978,切ない,https://joy-relief-station.lovable.app/cover-guide?artist=taeko-onuki&song=suddenly-gift,竹内まりやもカバーした名バラード。優しく、どこか切ない旋律が胸に響きます。
B 秋に合う,Prom Night,南佳孝,,夜の,https://joy-relief-station.lovable.app/cover-guide?artist=tatsuro-yamashita-band-members-yoshitaka-minami&song=prom-night,プロムの夜のときめきを、ドゥーワップ仕込みのコーラスで再現。オールディーズへの愛が香る甘酸っぱい一曲。
B 秋に合う,スローなブギにしてくれ（ I want you ）,南佳孝,1981,夜の,https://joy-relief-station.lovable.app/cover-guide?artist=tatsuro-yamashita-band-members-yoshitaka-minami&song=スローなフ-キ-にしてくれ-i-want-you,「I want you」の囁きがネオンに溶けていく夜のブギ。急がないテンポにこそ色気が宿ると教えてくれる。
B 秋に合う,ウナ・セラ・ディ東京,南佳孝,,夜の,https://joy-relief-station.lovable.app/cover-guide?artist=tatsuro-yamashita-band-members-yoshitaka-minami&song=ウナ-セラ-テ-ィ東京,イタリア語の響きを借りたタイトルに、東京の夜の哀愁が滲む。夜霧とネオンの間を漂うムードにひたりたい。
B 秋に合う,Aht Uh Mi Hed,Shuggie Otis,1974,深夜,https://joy-relief-station.lovable.app/cover-guide?artist=shuggie-otis&song=aht-uh-mi-hed,リズムボックスの淡々とした響き。深夜に一人で浸りたい響き。
B 秋に合う,Footsteps In The Dark,The Isley Brothers,1977,夜の,https://joy-relief-station.lovable.app/cover-guide?artist=the-isley-brothers&song=footsteps-in-the-dark,哀愁漂うギターとドラム。夜の散歩が特別な時間に変わります。
B 秋に合う,A Love Of Your Own,Ned Doheny,1976,切ない,https://joy-relief-station.lovable.app/cover-guide?artist=ned-doheny&song=a-love-of-your-own,甘く切ないメロディ。夕暮れの海辺で聴きたい至福の一曲です。
B 秋に合う,Joseph Williams Peter Friestedt - NIGHTFLY Feat Tamara Champlin,Bill Champlin,,しっとり,https://joy-relief-station.lovable.app/cover-guide?artist=bill-champlin&song=joseph-williams-peter-friestedt-nightfly-feat-ta,タマラ・チャンプリンを迎えた「NIGHTFLY」。夜間飛行の名にふさわしい、しっとりと艶のある歌の交歓が漂う。
B 秋に合う,Joseph Williams Peter Friestedt - Between The Lines HD - Official Video,Bill Champlin,,夜更け,https://joy-relief-station.lovable.app/cover-guide?artist=bill-champlin&song=joseph-williams-peter-friestedt-between-the-line,行間を読む、という題名のとおり、言葉にしない想いをメロディが代弁する。夜更けに染みる大人のミディアム。
B 秋に合う,We Were Always Sweethearts,Boz Scaggs,,切ない,https://joy-relief-station.lovable.app/cover-guide?artist=boz-scaggs&song=we-were-always-sweethearts,甘く切ないメロディに心が揺さぶられる一曲。
B 秋に合う,Forever My Lady,Jodeci,1991,切ない,https://joy-relief-station.lovable.app/cover-guide?artist=jodeci&song=forever-my-lady,甘く切ないR&Bバラード。永遠の愛を歌い上げる。
B 秋に合う,Stay,Jodeci,1991,夜の,https://joy-relief-station.lovable.app/cover-guide?artist=jodeci&song=stay,デビュー作から生まれた2曲目のR&B首位曲で、2週にわたり頂点に。行かないでほしい夜の願いを、ふたりのリードがむせぶように歌い交わす。
B 秋に合う,Lately,福原美穂,2024,静かな,https://joy-relief-station.lovable.app/cover-guide?artist=fukuhara-miho&song=lately,Stevie Wonderの静かな名曲を、息づかいまで近く感じる距離で歌う。
B 秋に合う,The Beginning,ONE OK ROCK,2012,静かな,https://joy-relief-station.lovable.app/cover-guide?artist=one-ok-rock&song=the-beginning,静かな出だしから、サビで一気に振り切る。始まりという題名どおり、聴く側の背中も押し出される。
B 秋に合う,Midnight at the Oasis,Brand New Heavies,1994,しっとり,https://joy-relief-station.lovable.app/cover-guide?artist=brand-new-heavies&song=midnight-at-the-oasis,マリア・マルダーのカバー曲。しっとり聴かせる。
B 秋に合う,Tired of Being Alone,Al Green,1971,切ない,https://joy-relief-station.lovable.app/cover-guide?artist=al-green&song=tired-of-being-alone,切ない歌声が心に響く、美しいバラード。
B 秋に合う,Ex-Factor,Lauryn Hill,1998,切ない,https://joy-relief-station.lovable.app/cover-guide?artist=lauryn-hill&song=ex-factor,切ない心情を歌い上げた、心に響くバラード。
B 秋に合う,Sour Times,Portishead,1994,切ない,https://joy-relief-station.lovable.app/cover-guide?artist=portishead&song=sour-times,重く切ない雰囲気が漂う、トリップホップの傑作。
B 秋に合う,Numb,Portishead,1994,深夜,https://joy-relief-station.lovable.app/cover-guide?artist=portishead&song=numb-2,デビュー作『Dummy』の到来を告げた最初のシングル。深夜の霧が、部屋の隙間から忍び込んでくる音。
B 秋に合う,Only You,Portishead,1998,夜の,https://joy-relief-station.lovable.app/cover-guide?artist=portishead&song=only-you,MVの監督はクリス・カニンガム。水槽の中で撮った浮遊映像を路地裏の風景に合成した。重力がゆるんでいく夜のトリップホップ。
B 秋に合う,All Mine,Portishead,1997,夜の,https://joy-relief-station.lovable.app/cover-guide?artist=portishead&song=all-mine,バンド唯一の英トップ10ヒット。MVではオーケストラを従えた少女がひとりで歌う。妖しくも豪華な、夜のためのトーチソング。
B 秋に合う,Porcelain,Moby,1999,切ない,https://joy-relief-station.lovable.app/cover-guide?artist=moby&song=porcelain,美しくも切ないメロディーが心に沁みる名曲。
B 秋に合う,FOREVER,PUSHIM,2002,切ない,https://joy-relief-station.lovable.app/cover-guide?artist=pushim&song=forever,切ないメロディと圧倒的な声量で愛を歌い上げる、初期から愛される代表的バラード。
B 秋に合う,夕陽,PUSHIM,2013,夕暮れ,https://joy-relief-station.lovable.app/cover-guide?artist=pushim&song=yuuhi,胸に染みるリリック。夕暮れどきに聴きたい、エモーショナルで叙情的なスロウ・ジャム。
B 秋に合う,So Very Hard to Go,Tower of Power,1973,切ない,https://joy-relief-station.lovable.app/cover-guide?artist=tower-of-power&song=so-very-hard-to-go,彼らの歌もの代表曲。切ないバラードに感動。
B 秋に合う,Baby Come To Me,Patti Austin,1982,夜更け,https://joy-relief-station.lovable.app/cover-guide?artist=patti-austin&song=baby-come-to-me-2,ロッド・テンパートンが書いたジェイムス・イングラムとのデュエット。米ソープオペラの愛のテーマに使われて再燃し、全米1位へ。夜更けに寄り添うバラード。
B 秋に合う,On My Own (with Patti LaBelle),Michael McDonald,1986,切ない,https://joy-relief-station.lovable.app/cover-guide?artist=michael-mcdonald&song=on-my-own-patti-labelle,切ないデュエットが胸に響きます。
B 秋に合う,Best of Me,Anthony Hamilton,2011,切ない,https://joy-relief-station.lovable.app/cover-guide?artist=anthony-hamilton&song=best-of-me,切ない想いが胸に響く、彼の歌唱力が際立つ名曲です。
B 秋に合う,Ebony Eyes (feat. Smokey Robinson),Rick James,1983,切ない,https://joy-relief-station.lovable.app/cover-guide?artist=rick-james&song=ebony-eyes,スモーキー・ロビンソンを迎えた、甘く切ない極上のバラード。
B 秋に合う,Computer Love,Zapp,1986,切ない,https://joy-relief-station.lovable.app/cover-guide?artist=zapp&song=computer-love,切ないメロディが心に響く、美しいバラード。
B 秋に合う,Places And Spaces,Donald Byrd,1975,夜の,https://joy-relief-station.lovable.app/cover-guide?artist=donald-byrd&song=places-and-spaces-2,1975年にブルーノートから出たアルバムの表題曲。壮大な弦と弾むベースは「映画的なファンクとディスコ前夜のソウルの中間」と評された音そのものだ。
B 秋に合う,It's Only Love,Simply Red,1989,夜更け,https://joy-relief-station.lovable.app/cover-guide?artist=simply-red&song=it-s-only-love,2000年には恋のバラードを集めた同名の編集盤も生まれた。夜更けにグラスを傾けたくなる、とろけるような甘さのソウル。
B 秋に合う,New York Lullaby,Basia,1987,切ない,https://joy-relief-station.lovable.app/cover-guide?artist=basia&song=new-york-lullaby,甘く切ない歌声が魅力のジャジーなバラード。
B 秋に合う,Just Be A Man About It,Toni Braxton,2000,夜の,https://joy-relief-station.lovable.app/cover-guide?artist=toni-braxton&song=just-be-a-man-about-it,電話の別れ話の相手役はドクター・ドレー。隣のスタジオにいた縁での出演だった。受話器越しのため息まで聞こえそうな夜の歌。
B 秋に合う,Every Time,Janet Jackson,1998,静かな,https://joy-relief-station.lovable.app/cover-guide?artist=janet-jackson&song=every-time,愛することの怖さをささやくように歌うバラード。MVは水中撮影の専門家を迎え、スイス・アルプスの温泉施設テルメ・ヴァルスで撮られた、緑と水の静かな映像詩。
B 秋に合う,The Pleasure Principle,Janet Jackson,1986,ひとり,https://joy-relief-station.lovable.app/cover-guide?artist=janet-jackson&song=the-pleasure-principle,『Control』で唯一ジャム&ルイスの手によらず、ザ・タイムのモンテ・モアが書いた自立の歌。ロフトでひとり踊り抜くMVは、MTVアワードで最優秀振付に輝いた。
B 秋に合う,Private Dancer,Tina Turner,1984,切ない,https://joy-relief-station.lovable.app/cover-guide?artist=tina-turner&song=private-dancer,都会の孤独を歌い上げた、切ない名曲。
B 秋に合う,(Sittin' On) The Dock of the Bay,Stax,1967,切ない,https://joy-relief-station.lovable.app/cover-guide?artist=stax&song=sittin-on-the-dock-of-the-bay,波の音と口笛が心に沁みる、切ない名曲です。
B 秋に合う,Cosmic Slop,Funkadelic,1973,切ない,https://joy-relief-station.lovable.app/cover-guide?artist=funkadelic&song=cosmic-slop,重厚なギターと切ない歌詞が胸を打つ、バンドの重要なレパートリー。
B 秋に合う,Ode To My Family,The Cranberries,1994,静かな,https://joy-relief-station.lovable.app/cover-guide?artist=cranberries&song=ode-to-my-family,故郷アイルランドと家族への郷愁を、静かなアコースティックの音色に乗せて歌い上げる。
B 秋に合う,Linger,The Cranberries,1993,切ない,https://joy-relief-station.lovable.app/cover-guide?artist=cranberries&song=linger,ドロレスが18歳で書いた甘く切ない恋の痛みを歌うバラード。弦楽が美しい。
B 秋に合う,Why,The Cranberries,,余韻,https://joy-relief-station.lovable.app/cover-guide?artist=cranberries&song=why,問いかけの言葉だけを題名にした一曲。答えを探すのではなく、問いのまま置いておく強さがある。声がやわらかいぶん、余韻が長い。
B 秋に合う,Linger,The Cranberries,1993,切ない,https://joy-relief-station.lovable.app/cover-guide?artist=cranberries&song=linger,切ない初恋の終わりを歌う名曲。ドロレスの繊細な裏声と弦楽器の響きが美しい。
B 秋に合う,Why Does It Always Rain on Me?,Travis,1999,しっとり,https://joy-relief-station.lovable.app/cover-guide?artist=travis&song=why-does-it-always-rain-on-me,雨の日の憂鬱を歌った、しっとりとしたメロディが素敵。
B 秋に合う,Everybody's Changing,Keane,2004,切ない,https://joy-relief-station.lovable.app/cover-guide?artist=keane&song=everybodys-changing,切ないメロディが心に響く、ピアノ・ロックの金字塔です。
B 秋に合う,Chocolate,Snow Patrol,2003,切ない,https://joy-relief-station.lovable.app/cover-guide?artist=snow-patrol&song=chocolate,スノパらしい疾走感と、切ない歌詞の対比が魅力的な一曲です。
B 秋に合う,Closer,Kings of Leon,2008,切ない,https://joy-relief-station.lovable.app/cover-guide?artist=kings-of-leon&song=closer,妖艶なベースラインと切ない歌声が響く、アルバムの傑作開幕曲。
B 秋に合う,Fire and Rain,James Taylor,1970,切ない,https://joy-relief-station.lovable.app/cover-guide?artist=james-taylor&song=fire-and-rain,優しくも切ない歌声が心に染み渡る、彼の代表曲。
B 秋に合う,River,Joni Mitchell,1971,切ない,https://joy-relief-station.lovable.app/cover-guide?artist=joni-mitchell&song=river,クリスマスを背景にした切ない別れの歌。冬の定番名曲。
B 秋に合う,Wild World,Cat Stevens,1970,切ない,https://joy-relief-station.lovable.app/cover-guide?artist=cat-stevens&song=wild-world,去りゆく人へのメッセージ。温かくも切ない名曲。
B 秋に合う,The First Cut Is the Deepest,Cat Stevens,1967,切ない,https://joy-relief-station.lovable.app/cover-guide?artist=cat-stevens&song=the-first-cut-is-the-deepest,多くの名手にカバーし継がれる不朽の名バラード。切ない感情の原典。
B 秋に合う,Wild Night,Van Morrison,1971,夜の,https://joy-relief-station.lovable.app/cover-guide?artist=van-morrison&song=wild-night,躍動感あふれるホーンが印象的な、夜の街を彩る大ヒットナンバー。
B 秋に合う,Late in the Evening,Paul Simon,1980,夜の,https://joy-relief-station.lovable.app/cover-guide?artist=paul-simon&song=late-in-the-evening,ドラムのスティーヴ・ガッドは両手に2本ずつスティックを握り、二人で叩いているような音を作った。夜の街へ飛び出したくなるラテンのざわめき。
B 秋に合う,Anticipation,Carly Simon,1971,切ない,https://joy-relief-station.lovable.app/cover-guide?artist=carly-simon&song=anticipation,切ない期待感を歌う初期の傑作。ケチャップのCMでも有名。
B 秋に合う,I Can't Make You Love Me,Bonnie Raitt,1991,切ない,https://joy-relief-station.lovable.app/cover-guide?artist=bonnie-raitt&song=i-can-t-make-you-love-me,切ない歌詞と、魂のこもった歌声が胸を打ちます。
B 秋に合う,Slow Dancing in a Burning Room,John Mayer,2006,切ない,https://joy-relief-station.lovable.app/cover-guide?artist=john-mayer&song=slow-dancing-in-a-burning-room,ライブでも屈指の人気を誇る、ブルージーで切ない至高のバラード。
B 秋に合う,Shadow Days,John Mayer,,ひとり,https://joy-relief-station.lovable.app/cover-guide?artist=john-mayer&song=shadow-days,『Born and Raised』の先陣を切ったシングル。MVはアイダホの森と田舎道をひとり車で行き、楽器店でギターを直す寄り道まで映すロード・ムービー仕立てだ。
B 秋に合う,Like A Star,Corinne Bailey Rae,2006,夜の,https://joy-relief-station.lovable.app/cover-guide?artist=corinne-bailey-rae&song=like-a-star,はじめは3000枚限定でひっそり世に出たデビュー・シングル。再発を経て、第50回グラミーのソング・オブ・ザ・イヤー候補になるまで届いた。夜の静けさにギター1本の灯りがともるようなバラード。
B 秋に合う,Bittersweet,Lianne La Havas,2020,切ない,https://joy-relief-station.lovable.app/cover-guide?artist=lianne-la-havas&song=bitter-sweet,甘く切ない歌声が、大人の魅力を引き出す
B 秋に合う,Focus,H.E.R.,2016,しっとり,https://joy-relief-station.lovable.app/cover-guide?artist=her&song=focus,彼女のしっとりとした歌声が魅力の代表曲
B 秋に合う,America the Beautiful (Super Bowl LV),H.E.R.,2021,静かな,https://joy-relief-station.lovable.app/cover-guide?artist=her&song=america-the-beautiful-sb-lv,歌の途中でギターが泣き出す。静かな式典が、急にソウルのステージになる。
B 秋に合う,ウイスキーが、お好きでしょ,ハナレグミ,2013,夜の,https://joy-relief-station.lovable.app/cover-guide?artist=hanaregumi&song=whisky-ga-osuki-desho,サントリー角ハイボールのCMソング。初のカバーアルバム『だれそかれそ』（2013年5月22日発売）に収録された、1990年のCM曲のカバー。力を抜いた歌い方で、夜のバーの空気ごと持ってくる。
B 秋に合う,朧月夜,笹川美和,2007,月夜,https://joy-relief-station.lovable.app/cover-guide?artist=sasagawa-miwa&song=oboro-zukiyo,唱歌をひとり、月の下で歌い直す。日本人の記憶のいちばん奥の引き出しが開く。
B 秋に合う,Ride,HYBS,2022,夜の,https://joy-relief-station.lovable.app/cover-guide?artist=hybs&song=ride,「ただ風に乗りたい」という歌詞通り、夜のドライブに最適なメロウな質感が魅力。
B 秋に合う,輝く月が照らす夜,畠山美由紀,2013,夜の,https://joy-relief-station.lovable.app/cover-guide?artist=hatakeyama-miyuki&song=kagayaku-tsuki,気仙沼出身。震災を越えて歌い続けるその声が、月光をなぞるように夜の輪郭を描く。
B 秋に合う,祭りの花を買いに行く,ちあきなおみ,1989,ひとり,https://joy-relief-station.lovable.app/cover-guide?artist=chiaki-naomi&song=matsuri-no-hana,夏祭りの帰り道、ひとりで花火を見る背中。歌謡曲の最高峰が描いた、日本人の記憶の原風景。
B 秋に合う,『黄昏のビギン』,ちあきなおみ,,黄昏,https://joy-relief-station.lovable.app/cover-guide?artist=chiaki-naomi&song=黄昏のヒ-キ-ン,
B 秋に合う,黄昏のビギン 1992,ちあきなおみ,,黄昏,https://joy-relief-station.lovable.app/cover-guide?artist=chiaki-naomi&song=黄昏のヒ-キ-ン-1992,
B 秋に合う,Superstar (Carpenters Cover),Tori Holub & James Wilkas,2022,切ない,https://joy-relief-station.lovable.app/cover-guide?artist=tori-holub&song=tori-holub-superstar,シンプルながら厚みのあるハーモニーで、切ない片思いの心情を豊かに表現。
B 秋に合う,接吻,Original Love,1993,夜の,https://joy-relief-station.lovable.app/cover-guide?artist=original-love&song=seppun,夜の湿度をそのまま音にしたようなミディアムソウル。イントロのコードひとつで部屋が暗転する。
B 秋に合う,ナイトクルージング,フィッシュマンズ,1995,夜の,https://joy-relief-station.lovable.app/cover-guide?artist=fishmans&song=night-cruising,1995年発表。ダブの揺れと佐藤伸治の声が、夜の道路を水面みたいに変えてしまうフィッシュマンズ入口。
B 秋に合う,眠れる街,ceroNishi,2008,夜の,https://joy-relief-station.lovable.app/cover-guide?artist=cero-nishi&song=nishi-cero-nemureru-machi,夜の静寂を感じる初期のメロウな名編。叙情的な歌詞が秀逸。
B 秋に合う,勿忘,Awesome City Club,2021,切ない,https://joy-relief-station.lovable.app/cover-guide?artist=awesome-city-club&song=wasurena,映画主題歌にもなった名曲。切ないメロディが胸を打つ
B 秋に合う,ノーチラス,ヨルシカ,2019,切ない,https://joy-relief-station.lovable.app/cover-guide?artist=yorushika&song=elma,壮大な世界観と切ない歌声が魅力のバラード
B 秋に合う,忘れてください（OFFICIAL VIDEO）,ヨルシカ,,静かな,https://joy-relief-station.lovable.app/cover-guide?artist=yorushika&song=忘れてくた-さい-official-video,「忘れて」と願うほど、かつての生活がハンドクラップと共に鮮明に鳴り響く。愛ゆえの矛盾に満ちた、静かなる生活実況中継。
B 秋に合う,アポリア（OFFICIAL VIDEO）,ヨルシカ,,静かな,https://joy-relief-station.lovable.app/cover-guide?artist=yorushika&song=アホ-リア-official-video,気球に乗って「正解のない問い」を追いかける。静かな歌声が、まだ誰も知らない世界の入り口まで連れ去る。
B 秋に合う,Easy Easy,King Krule,2013,深夜,https://joy-relief-station.lovable.app/cover-guide?artist=king-krule&song=easy-easy,憂鬱でロウな歌声が心を掴む。深夜に聴きたい
B 秋に合う,Chamber Of Reflection,Mac DeMarco,2014,寂し,https://joy-relief-station.lovable.app/cover-guide?artist=mac-demarco&song=chamber-of-reflection,どこか寂しげで、それでいて温かいシンセポップ
B 秋に合う,My Kind Of Woman,Mac DeMarco,2012,切ない,https://joy-relief-station.lovable.app/cover-guide?artist=mac-demarco&song=viceroy,甘く切ないラブソング。彼の代表曲の一つ
B 秋に合う,Low Rider,Yussef Kamaal,2016,夜の,https://joy-relief-station.lovable.app/cover-guide?artist=yussef-kamaal&song=low-rider,重心の低いファンクネスと都会的で都会的な夜の雰囲気が漂う一曲。
B 秋に合う,When You Were Mine,Joy Crookes,2019,切ない,https://joy-relief-station.lovable.app/cover-guide?artist=joy-crookes&song=when-you-were-mine,切ない歌詞と歌声が胸を締め付ける。名バラード
B 秋に合う,Feels Like Summer,Childish Gambino,,ひとり,https://joy-relief-station.lovable.app/cover-guide?artist=childish-gambino&song=feels-like-summer,人気ラッパーたちとすれ違うだけの街を、ひとりグラマラスに歩き続ける2018年の午後。のちにアルバム『3.15.20』で「42.26」と改題され、同じ曲がもう一つの顔で再収録された。
B 秋に合う,Good News,Mac Miller,2020,切ない,https://joy-relief-station.lovable.app/cover-guide?artist=mac-miller&song=good-news,彼の死後にリリースされた、温かくも切ない名曲
B 秋に合う,Thoughts From A Balcony,Mac Miller,2012,夜更け,https://joy-relief-station.lovable.app/cover-guide?artist=mac-miller&song=thoughts-from-a-balcony,題名のとおり、ベランダでひとり考えている時間の音。街の音が遠くに聞こえる夜更けに。
B 秋に合う,Congratulations (feat. Bilal),Mac Miller,2016,切ない,https://joy-relief-station.lovable.app/cover-guide?artist=mac-miller&song=congratulations-feat-bilal,ピアノとBilalの歌声で、静かに幕が上がる。派手さは一切ないのに、聴き終わると胸のあたりが温かい。
B 秋に合う,Love Lost,Mac Miller,2014,夜更け,https://joy-relief-station.lovable.app/cover-guide?artist=mac-miller&song=love-lost,失った恋を、悲しむでもなく責めるでもなく、ただ確かめるように歌う。夜更けの正直さ。
B 秋に合う,Afternoon Grooves // Coffee & Spliff // Vinyl Selection // Pt. 1/3,Mac Miller,,コーヒー,https://joy-relief-station.lovable.app/cover-guide?artist=mac-miller&song=afternoon-grooves-coffee-and-spliff-vinyl-select,レコードを選びながらの午後の映像。コーヒーを淹れて、何もしない時間の相棒にちょうどいい。
B 秋に合う,ft. Kendrick Lamar & Iman Omari - Fight The Feeling,Mac Miller,2012,静かな,https://joy-relief-station.lovable.app/cover-guide?artist=mac-miller&song=ft-kendrick-lamar-and-iman-omari-fight-the-feeli,Kendrick LamarとIman Omariを迎えた一曲。感情に飲まれまいとする二人の踏ん張りが、静かな熱を生む。
B 秋に合う,Weekend (feat. Miguel),Mac Miller,2015,帰り道,https://joy-relief-station.lovable.app/cover-guide?artist=mac-miller&song=weekend-feat-miguel,Miguelの艶のある歌声が、週末の夜をさらに一段深くする。金曜の帰り道に。
B 秋に合う,Strawberry Blond,Mitski,2012,切ない,https://joy-relief-station.lovable.app/cover-guide?artist=mitski&song=strawberry-blond,優しくも切ない歌声が心に染みる。名曲
B 秋に合う,Mystery of Love,Sufjan Stevens,2017,切ない,https://joy-relief-station.lovable.app/cover-guide?artist=sufjan-stevens&song=mystery-of-love,映画主題歌としても有名。美しく切ない名曲
B 秋に合う,Fourth of July,Sufjan Stevens,2015,静かな,https://joy-relief-station.lovable.app/cover-guide?artist=sufjan-stevens&song=forth-of-july,死の間際の母との静かな対話を、心臓の鼓動のようなリズムで綴る名曲。
B 秋に合う,Visions of Gideon,Sufjan Stevens,2017,切ない,https://joy-relief-station.lovable.app/cover-guide?artist=sufjan-stevens&song=visions-of-gideon,映画の切ない結末を彩り、リフレインする囁き声が涙を誘う珠玉のバラード。
B 秋に合う,Darling,Real Estate,2017,切ない,https://joy-relief-station.lovable.app/cover-guide?artist=real-estate&song=darling,甘く切ないメロディが心に染み渡ります。
B 秋に合う,花火,三代目 J SOUL BROTHERS from EXILE TRIBE,2012,切ない,https://joy-relief-station.lovable.app/cover-guide?artist=sandai-me-j-soul-brothers&song=hanabi,切ないメロディが心に残るバラード。
B 秋に合う,『インフルエンサー』,乃木坂46,,静かな,https://joy-relief-station.lovable.app/cover-guide?artist=nogizaka46&song=インフルエンサー,ただ君を見つめているだけなのに、重力さえ書き換えられる。星のように抗えない引力に、静かな情熱が火を吹く。
B 秋に合う,カナシミ ブルー,KinKi Kids,2002,切ない,https://joy-relief-station.lovable.app/cover-guide?artist=kinki-kids&song=kanashimi-blue,大人の魅力が光る、切ないブルースナンバー。
B 秋に合う,「カナシミ ブルー」Music Video,KinKi Kids,,ひとり,https://joy-relief-station.lovable.app/cover-guide?artist=kinki-kids&song=カナシミ-フ-ルー-music-video,悲しみをカタカナで突き放した題名のとおり、湿りすぎない哀愁が漂う。雨上がりの夜道でひとり口ずさみたくなる青だ。
B 秋に合う,「雨のMelody」Music Video,KinKi Kids,,しっとり,https://joy-relief-station.lovable.app/cover-guide?artist=kinki-kids&song=雨のmelody-music-video,雨音とメロディを重ね合わせる、切なさの王道をまっすぐ行く一曲。窓の外が濡れている日ほど深く沁みる、しっとりとした歌。
B 秋に合う,Junkan Bus,eastern youth,2018,せつない,https://joy-relief-station.lovable.app/cover-guide?artist=eastern-youth&song=junkan-bus,終点のない循環バスに人生を重ねる眼差しがせつない。ぐるぐる回る毎日を、それでも愛おしむような轟音の詩情。
B 秋に合う,Ukigumo,eastern youth,1999,暮れ,https://joy-relief-station.lovable.app/cover-guide?artist=eastern-youth&song=ukigumo,浮雲のようにあてどない心持ちを、ざらついたギターが押し流していく。空を見上げて途方に暮れた日に、妙に効く一曲。
B 秋に合う,Sunset Man ［OFFICIAL MUSIC VIDEO］,eastern youth,,暮れ,https://joy-relief-station.lovable.app/cover-guide?artist=eastern-youth&song=sunset-man-official-music-video,沈む夕陽に照らされた男の背中が見えるミッドテンポ。哀愁と意地がせめぎ合う、日暮れの帰り道に染み込む一曲。
B 秋に合う,【】「時計台の鐘」MV_Full_Ver.（TVアニメ『ゴールデンカムイ』第二期エンディングテーマ,eastern youth,,余韻,https://joy-relief-station.lovable.app/cover-guide?artist=eastern-youth&song=時計台の鐘-mv-full-ver-tvアニメ-コ-ールテ-ンカムイ-第二期エンテ-ィンク-テー,TVアニメ『ゴールデンカムイ』第二期エンディングテーマ。時計台の鐘の残響のように、遠くまで尾を引く余韻が美しい。
B 秋に合う,東京は夜の七時,Pizzicato Five,1993,夜の,https://joy-relief-station.lovable.app/cover-guide?artist=pizzicato-five&song=tokyo-yoru-shichiji,早く家に帰って支度をしなくちゃ。都会の夜のときめきを完璧に閉じ込めた、渋谷系の夜の国歌。
B 秋に合う,スウィート・ソウル・レヴュー,Pizzicato Five,1993,切ない,https://joy-relief-station.lovable.app/cover-guide?artist=pizzicato-five&song=sweet-soul-review,甘く切ないメロディが魅力のシティポップ。
B 秋に合う,Coffeemilk Crazy / コーヒーミルク・クレイジー,フリッパーズ・ギター,2008,コーヒー,https://joy-relief-station.lovable.app/cover-guide?artist=flippers-guitar&song=coffeemilk-crazy-コーヒーミルク-クレイシ-ー,
B 秋に合う,/ LAST SCENE,SUPERCAR,2004,余韻,https://joy-relief-station.lovable.app/cover-guide?artist=supercar&song=last-scene,前作からわずか2ヶ月で届いたアルバム『ANSWER』の先行シングル。題名の通り、映画の幕切れを見届けたような余韻が残る。
B 秋に合う,Moon Light,巨勢典子,2007,夜の,https://joy-relief-station.lovable.app/cover-guide?artist=kose-noriko&song=moon-light,穏やかな月明かりを思わせる繊細なタッチ。夜のリラックスタイムに最適な美風です。
B 秋に合う,ふるさと,巨勢典子,2008,静かな,https://joy-relief-station.lovable.app/cover-guide?artist=kose-noriko&song=furusato,郷愁を誘うメロディが心に染み入る名曲。静かなピアノの音色が記憶を呼び戻します。
B 秋に合う,恋人も濡れる街角 (LIVE),Ms.OOJA,2024,夜の,https://joy-relief-station.lovable.app/cover-guide?artist=ms-ooja&song=koibito-mo-nureru,桑田佳祐作のカバー。大阪・味園ユニバースの夜の重心。原曲は桑田佳祐。
B 秋に合う,It's OK,Ms.OOJA,2011,切ない,https://joy-relief-station.lovable.app/cover-guide?artist=ms-ooja&song=it-was-love,切ない未練を優しく包み込むミドルテンポの名曲で、彼女のシルキーボイスが際立つ。
B 秋に合う,White Letter,Ms.OOJA,2014,切ない,https://joy-relief-station.lovable.app/cover-guide?artist=ms-ooja&song=white-letter,冬の情景が浮かぶ切ないラブソング。繊細な息遣いから高音の伸びまで堪能できる作品。
B 秋に合う,エイリアンズ (キリンジ・名カバー),森恵,2020,夜の,https://joy-relief-station.lovable.app/cover-guide?artist=mori-megumi&song=aliens,キリンジの夜の名曲を、女性の声とアコギで。真夜中の宇宙がもう一回り広くなる。原曲はキリンジ。
B 秋に合う,ALONE,高中正義,1981,夕暮れ,https://joy-relief-station.lovable.app/cover-guide?artist=masayoshi-takanaka&song=alone,泣きのギターが胸を打つバラード。夕暮れの海辺を彷彿とさせる哀愁漂う旋律。
B 秋に合う,Uthaipia (Original Ver.),NIXSA,2024,切ない,https://joy-relief-station.lovable.app/cover-guide?artist=nixsa&song=re-uthaipia,2024年の再起動。浮遊するシンセと切ない旋律が重なる北陸発の電子音楽。
B 秋に合う,Neon Reaper,NIXSA,2024,夜の,https://joy-relief-station.lovable.app/cover-guide?artist=nixsa&song=neon-reaper,夜の都市を彷彿とさせる硬質なベースラインが、独特の緊張感を醸し出す。
B 秋に合う,Peaches,Jack Black,2023,切ない,https://joy-relief-station.lovable.app/cover-guide?artist=jack-black&song=peaches,切ない歌唱とピアノの旋律が話題を呼び、全米チャート入りした愛の歌。
B 秋に合う,すべての日のこと,喜納昌吉＆チャンプルーズ,1980,切ない,https://joy-relief-station.lovable.app/cover-guide?artist=kina-shokichi&song=subete-no-hi-no-koto,切ない三線の音色に、生命の循環を歌い上げる情感豊かなスローテンポ曲。
B 秋に合う,Every Now And Then,Haven Of Rest,1978,静かな,https://joy-relief-station.lovable.app/cover-guide?artist=haven-of-rest&song=every-now-and-then,静かな出だしから一気に爆発する、ソウルフルな絶叫と手拍子が織りなす至福の10分。
B 秋に合う,Grace,Meshell Ndegeocello,1999,余韻,https://joy-relief-station.lovable.app/cover-guide?artist=meshell-ndegeocello&song=grace,スピリチュアルな余韻を残す美しいメロディと、深みのある低音ボーカルに圧倒される。
B 秋に合う,Sometimes I'm Alone (Lonely Cat),The Kiffness,2022,切ない,https://joy-relief-station.lovable.app/cover-guide?artist=the-kiffness&song=sometimes-im-alone,孤独な猫の鳴き声を切ないバラードに構築。歌詞に奥行きを与えるアレンジが秀逸。
B 秋に合う,野田クリスタル（野田娘）の歌,シソンヌ,2021,切ない,https://joy-relief-station.lovable.app/cover-guide?artist=sisonne&song=noda-musume,じろう演じる野田娘が歌う、切ないメロディとズレた歌詞の哀愁が癖になる。
B 秋に合う,銀河鉄道の夜のような夜,ラーメンズ,2005,夜の,https://joy-relief-station.lovable.app/cover-guide?artist=ramens&song=silver-and-gold,宮沢賢治を彷彿とさせる幻想的な世界観。片桐の無垢な演技が心に深く残る。
B 秋に合う,手紙 (トツギーノ 最終回より),バカリズム,2006,切ない,https://joy-relief-station.lovable.app/cover-guide?artist=bakarythm&song=pparo-no-uta,連作フリップネタのラストを飾る楽曲。感動的なメロディと切ない歌詞が胸を打つ。
B 秋に合う,ナミミコ「ミーコはねえ、寂しいのよ」,FUNNY MOVIE,,寂し,https://joy-relief-station.lovable.app/cover-guide?artist=funnymovie&song=namimiko-meeko,猫が本音をしゃべったら、こんなに面倒くさくて可愛い。
B 秋に合う,恋するカレン,大滝詠一,1981,切ない,https://joy-relief-station.lovable.app/cover-guide?artist=ohtaki-eiichi&song=koi-suru-karen,切ない片想いを軽快なビートに乗せた、ウォール・オブ・サウンドの代表格。
B 秋に合う,Rain,坂本龍一,1987,切ない,https://joy-relief-station.lovable.app/cover-guide?artist=sakamoto-ryuichi&song=rain,ラストエンペラーの劇中歌。緊迫感ある弦楽器の重なりが美しくも切ない。
B 秋に合う,サヨナラ,高橋幸宏,1981,切ない,https://joy-relief-station.lovable.app/cover-guide?artist=takahashi-yukihiro&song=sayonara,切ないメロディと軽快なリズムが同居する、ソロ活動初期の屈指の名曲。
B 秋に合う,はしご酒,藤圭子,1975,寂し,https://joy-relief-station.lovable.app/cover-guide?artist=fuji-keiko&song=hashigo-zake,酒に溺れる寂しさを淡々と、しかし深く歌い上げる。休業前の名歌唱が光る。
B 秋に合う,だいせんじがけだらなひとりたび,加藤和彦,1976,ひとり,https://joy-relief-station.lovable.app/cover-guide?artist=kato-kazuhiko&song=daia-mono-no-u-ho,細野晴臣と共作。日本語と無国籍なサウンドが交差するカルト的人気の高い一曲。
B 秋に合う,びーまざー 抱きしめて,上島竜兵,1994,切ない,https://joy-relief-station.lovable.app/cover-guide?artist=ueshima-ryuhei&song=be-mader-dakishimete,ダチョウ倶楽部としてリリース。上島の切ない歌声がサビで活きるポップソング。
B 秋に合う,夢は夜空に,横山やすし,1974,しっとり,https://joy-relief-station.lovable.app/cover-guide?artist=yokoyama-yasushi&song=yume-wa-yozora-ni,西川きよしとのコンビ愛を再確認させる、しっとりとしたデュエット曲。
B 秋に合う,changes,XXXTENTACION,2018,切ない,https://joy-relief-station.lovable.app/cover-guide?artist=xxxtentacion&song=changes,一切のラップを排し、ピアノの旋律に乗せて切ない歌声を響かせるバラード曲。
B 秋に合う,Songbird (Fleetwood Mac),Christine McVie,1977,夜の,https://joy-relief-station.lovable.app/cover-guide?artist=christine-mcvie&song=songbird,鍵盤の前で、ただ祈るように歌った夜の曲。
B 秋に合う,Little Lies,Christine McVie,1987,切ない,https://joy-relief-station.lovable.app/cover-guide?artist=christine-mcvie&song=little-lies,80年代ポップスの頂点。切ない嘘を歌いつつも、気品あるメロディセンスが光る一曲。
B 秋に合う,It Makes No Difference,Robbie Robertson,1975,切ない,https://joy-relief-station.lovable.app/cover-guide?artist=robbie-robertson&song=it-makes-no-difference,リック・ダンコの切ない歌唱とロビーの泣きのギターが溶け合う至極のバラード。
B 秋に合う,Take My Breath Away,Berlin,1986,夜の,https://joy-relief-station.lovable.app/cover-guide?artist=berlin&song=take-my-breath-away,『トップガン』主題歌。夜のシンセ。
B 秋に合う,Heaven,Bryan Adams,1984,夜の,https://joy-relief-station.lovable.app/cover-guide?artist=bryan-adams&song=heaven,夜のバラード。
B 秋に合う,24K Magic,Bruno Mars,2016,夜の,https://joy-relief-station.lovable.app/cover-guide?artist=bruno-mars&song=24k-magic,冒頭のロボット声はオートチューンではなくトークボックス。ロジャー・トラウトマンが広めた機材を、Mr.トークボックスが吹き込んでいる。2018年のグラミーを総なめにした、金でできた夜の音。
B 秋に合う,Runaway,P!nk,,静かな,https://joy-relief-station.lovable.app/cover-guide?artist=pink&song=runaway,『M!ssundaztood』収録。パンクな声で鳴らしてきた人が見せる、静かな逃避行の物語。
B 秋に合う,Hey Jude,Paul McCartney,1968,夜の,https://joy-relief-station.lovable.app/cover-guide?artist=paul-mccartney&song=hey-jude,ソロ前夜のBeatles代表曲。
B 秋に合う,"DJ Khaled ft. Nas, & James Fauntleroy and Harmonies by The Hive - SORRY NOT SORRY",Jay-Z,,深夜,https://joy-relief-station.lovable.app/cover-guide?artist=jay-z&song=dj-khaled-ft-nas-and-james-fauntleroy-and-harmon,謝る気はない、という題名からして勝ち誇っている。ベテラン同士が余裕の呼吸で交わす、深夜に似合う艶のあるラップ。
B 秋に合う,JAŸ-Z - Imaginary Players,Jay-Z,,静かな,https://joy-relief-station.lovable.app/cover-guide?artist=jay-z&song=jay-z-imaginary-players,見栄だけの自称プレイヤーたちを、声を荒げずに一蹴していく。静かなまま格の違いを見せつける、90年代の凄みが漂う。
B 秋に合う,We Are the World,USA for Africa,1985,夜の,https://joy-relief-station.lovable.app/cover-guide?artist=usa-for-africa&song=we-are-the-world,1985年。一夜のスタジオに集まった声。
B 秋に合う,Lately,Stevie Wonder,1980,静かな,https://joy-relief-station.lovable.app/cover-guide?artist=stevie-wonder&song=lately,静かなピアノの夜。
B 秋に合う,My Slow Dance (feat. 財津マイ),Tokimeki Records,2026,夜の,https://joy-relief-station.lovable.app/cover-guide?artist=tokimeki-records&song=my-slow-dance,ゆっくり踊る、夜のシティポップ。
B 秋に合う,そして僕は途方に暮れる (Original by 大澤誉志幸/ Yoshiyuki Ohsawa) - feat. 黒川沙良,Tokimeki Records,,暮れ,https://joy-relief-station.lovable.app/cover-guide?artist=tokimeki-records&song=そして僕は途方に暮れる-original-by-大澤誉志幸-yoshiyuki-ohsawa-f,
B 秋に合う,Stuck Wit U,NAO YOSHIOKA,,夜の,https://joy-relief-station.lovable.app/cover-guide?artist=nao-yoshioka&song=stuck-wit-u,アリアナ&ジャスティンの一曲を、彼女の声で夜のバラードに書き換えたカバー。
B 秋に合う,オレンジkiss,Snow Man,2022,夕暮れ,https://joy-relief-station.lovable.app/cover-guide?artist=snow-man&song=orange-kiss,切なさと温かさが共存するメロディで、夕暮れのような優しい歌声が光る。
B 秋に合う,Hallelujah (Vancouver 2010 Opening Ceremony),k.d. lang,2010,静かな,https://joy-relief-station.lovable.app/cover-guide?artist=kd-lang&song=hallelujah-vancouver-2010,声を張り上げないのに、会場全体が吸い込まれる。“静かな肉汁”。
B 秋に合う,For My Broken Heart,Reba McEntire,1991,夜の,https://joy-relief-station.lovable.app/cover-guide?artist=reba-mcentire&song=for-my-broken-heart,米国とカナダ両方でカントリー首位に立った失恋のバラード。雨の夜のMVが明ければ、女性たちはそれぞれ歩き出している。
B 秋に合う,You and Me (Beijing 2008 Opening),Sarah Brightman & Liu Huan,2008,静かな,https://joy-relief-station.lovable.app/cover-guide?artist=sarah-brightman-liu-huan&song=you-and-me-beijing-2008,巨大演出の中で、最後は二人の声に戻る。派手な中国式典の中の静かな核。
B 秋に合う,「多拠点ライフ」発売開始,石山アンジュ,2023,静かな,https://joy-relief-station.lovable.app/cover-guide?artist=ishiyama-anju&song=ishiyama-anju-tahoten-life,自分の家が、ある日突然使えなくなったら。帰る場所が一つしかない暮らしの、静かなリスクの話。石山アンジュは、公的な支援金の上限（全壊で最大300万円）だけに頼らず、拠点を分散させる「多拠点ライフ」という選択肢を著書で提示している。
B 秋に合う,めざめ（ゴールドブレンドCM「ダバダ〜」）,ネスカフェ,,コーヒー,https://joy-relief-station.lovable.app/cover-guide?artist=nescafe-jp&song=mezame-scat,ダバダ〜、のスキャットだけでコーヒーの香りがする。ネスカフェ ゴールドブレンドのCMで流れ続けた「めざめ」。
B 秋に合う,COFFEE MOMENT ENSEMBLE コーヒーモーメント・アンサンブル｜ ゴールドブレンド バリスタ i［アイ］,ネスカフェ,,コーヒー,https://joy-relief-station.lovable.app/cover-guide?artist=nescafe-jp&song=coffee-moment-ensemble-コーヒーモーメント-アンサンフ-ル-コ-ールト-フ,
B 秋に合う,Make your world「そのコーヒーは、あなたをちょっとだけヒーローにする」未来のためにサステナブルなコーヒーを。編 6秒,ネスカフェ,,コーヒー,https://joy-relief-station.lovable.app/cover-guide?artist=nescafe-jp&song=make-your-world-そのコーヒーは-あなたをちょっとた-けヒーローにする-未来のため,
B 秋に合う,ドルチェグストの使い方/ホット・アイスコーヒーの淹れ方と口コミ評判,ネスカフェ,,コーヒー,https://joy-relief-station.lovable.app/cover-guide?artist=nescafe-jp&song=ト-ルチェク-ストの使い方-ホット-アイスコーヒーの淹れ方と口コミ評判,
B 秋に合う,adabana midnight,竹内アンナ,,夜更け,https://joy-relief-station.lovable.app/cover-guide?artist=takeuchi-anna&song=adabana-midnight,夜更けの気だるさと色気が同居する一曲。
B 秋に合う,ひとりにしないよ,関ジャニ∞,,ひとり,https://joy-relief-station.lovable.app/cover-guide?artist=kanjani8&song=ひとりにしないよ,
B 秋に合う,ブリュレ -Re:9EST edition- (「ひとりにしないよ」初回限定盤B特典映像),関ジャニ∞,,ひとり,https://joy-relief-station.lovable.app/cover-guide?artist=kanjani8&song=フ-リュレ-re-9est-edition-ひとりにしないよ-初回限定盤b特典映像,
B 秋に合う,Tú,Maye,,静かな,https://joy-relief-station.lovable.app/cover-guide?artist=maye&song=tu,ラテンの柔らかさと現代R&Bの距離感。静かな恋の歌として強い。
